
set search_path = lbaw2285;

-- Member


insert into Member (id, name, email, password, rating, credits, address, is_admin) values (1, 'Kipp Gomery', 'kgomery0@taobao.com', '8npU2BU0', 2.21, 0, '833 Jay Park', TRUE);
insert into Member (id, name, email, password, rating, credits, address) values (2, 'Averyl Senescall', 'asenescall1@state.gov', 'UB5Vp57', 1.81, 0, '41311 Lakewood Gardens Junction');
insert into Member (id, name, email, password, rating, credits, address) values (3, 'Farrel Ferrara', 'fferrara2@domainmarket.com', 'NsHq4PUzdNV', 2.17, 0, '8 Bunker Hill Alley');
insert into Member (id, name, email, password, rating, credits, address) values (4, 'Beryl Startin', 'bstartin3@friendfeed.com', 'CTwNTpjrJU0', 4.48, 0, '9 Gale Road');
insert into Member (id, name, email, password, rating, credits, address) values (5, 'Weylin Longcaster', 'wlongcaster4@wired.com', 'NKEE7Bv1pi', 3.13, 0, '21216 Bluejay Street');
insert into Member (id, name, email, password, rating, credits, address) values (6, 'Zaneta Frears', 'zfrears5@wiley.com', '6Z9DcpsVaS', 4.68, 0, '268 Melody Circle');
insert into Member (id, name, email, password, rating, credits, address) values (7, 'Myrtie Solleme', 'msolleme6@house.gov', 'UxC88ayDs', 3.86, 0, '012 Kennedy Park');
insert into Member (id, name, email, password, rating, credits, address) values (8, 'Arin Prinnett', 'aprinnett7@delicious.com', 'tdAlviC', 3.9, 0, '95 Scoville Hill');
insert into Member (id, name, email, password, rating, credits, address) values (9, 'Arda Younger', 'ayounger8@paypal.com', 'yiERCvsti', 4.42, 0, '037 Service Road');
insert into Member (id, name, email, password, rating, credits, address) values (10, 'Kirstyn Arthars', 'karthars9@printfriendly.com', 'GdxZyLAiCg', 4.67, 0, '933 Coleman Lane');
insert into Member (id, name, email, password, rating, credits, address) values (11, 'Chadd Steffans', 'csteffansa@imdb.com', '0Lra3xBsA', 4.08, 0, '83 Hudson Alley');
insert into Member (id, name, email, password, rating, credits, address) values (12, 'Shayne Tiner', 'stinerb@squarespace.com', 'gyfKiwDahBJ3', 3.21, 0, '99538 Everett Terrace');
insert into Member (id, name, email, password, rating, credits, address) values (13, 'Sigismundo Linscott', 'slinscottc@ucla.edu', 'Kgdboakr', 1.61, 0, '34729 Oak Valley Pass');
insert into Member (id, name, email, password, rating, credits, address) values (14, 'Abby Saket', 'asaketd@psu.edu', 'dDpc2yVAUCv', 3.5, 0, '542 Bluejay Crossing');
insert into Member (id, name, email, password, rating, credits, address) values (15, 'Jorry Fingleton', 'jfingletone@china.com.cn', 'wiJBOd1zk', 4.96, 0, '7 Becker Court');
insert into Member (id, name, email, password, rating, credits, address) values (16, 'Chickie Durtnel', 'cdurtnelf@nymag.com', '9228WHykdJCa', 4.71, 0, '7 Lakewood Gardens Crossing');
insert into Member (id, name, email, password, rating, credits, address) values (17, 'Norbert Roland', 'nrolandg@artisteer.com', 'Tz6Bu0Y', 3.73, 0, '74 4th Center');
insert into Member (id, name, email, password, rating, credits, address) values (18, 'Cassey Yukhin', 'cyukhinh@infoseek.co.jp', '0Fe579CS5MWq', 2.69, 0, '7277 Londonderry Center');
insert into Member (id, name, email, password, rating, credits, address) values (19, 'Ryann Walter', 'rwalteri@wired.com', 'ljejH9xSFv', 4.59, 0, '34546 Transport Center');
insert into Member (id, name, email, password, rating, credits, address) values (20, 'Randi Yashanov', 'ryashanovj@independent.co.uk', 'WSLFRlDtA', 2.34, 0, '406 Jenna Junction');
insert into Member (id, name, email, password, rating, credits, address) values (21, 'Mozelle Trassler', 'mtrasslerk@comcast.net', 'nL1VCSBOp', 4.67, 0, '16 Loeprich Place');
insert into Member (id, name, email, password, rating, credits, address) values (22, 'Hyacinth Doody', 'hdoodyl@livejournal.com', 'KG3UL35I5lh', 3.89, 0, '16975 Rowland Lane');
insert into Member (id, name, email, password, rating, credits, address) values (23, 'Harbert Skein', 'hskeinm@slate.com', 'wpHPI7hmUw', 4.02, 0, '4799 Londonderry Terrace');
insert into Member (id, name, email, password, rating, credits, address) values (24, 'Enrique Franceschino', 'efranceschinon@youtu.be', 'WR8wnXN4vj', 4.87, 0, '672 Crownhardt Pass');
insert into Member (id, name, email, password, rating, credits, address) values (25, 'Delmore Knock', 'dknocko@bigcartel.com', 'XLr8hypAcqNU', 2.71, 0, '0 Corry Street');
insert into Member (id, name, email, password, rating, credits, address) values (26, 'Tally Beck', 'tbeckp@sbwire.com', '9EaKd43c', 4.66, 0, '34 Tomscot Center');
insert into Member (id, name, email, password, rating, credits, address) values (27, 'Pieter Divina', 'pdivinaq@infoseek.co.jp', 'cnWMDS2e', 2.45, 0, '57995 Union Circle');
insert into Member (id, name, email, password, rating, credits, address) values (28, 'Hamid Pippard', 'hpippardr@cbslocal.com', '3LFoqlU', 2.91, 0, '86 Susan Avenue');
insert into Member (id, name, email, password, rating, credits, address) values (29, 'Alwin Gaymer', 'agaymers@csmonitor.com', 'r2IgKNokBkE', 4.4, 0, '30022 Warner Junction');
insert into Member (id, name, email, password, rating, credits, address) values (30, 'Natty Bairnsfather', 'nbairnsfathert@youtube.com', 'QYUBvPBpQ8', 4.56, 0, '0976 Elka Lane');
insert into Member (id, name, email, password, rating, credits, address) values (31, 'Hervey Bratch', 'hbratchu@twitpic.com', '3xbZAwDB9m', 3.37, 0, '35646 Hanson Point');
insert into Member (id, name, email, password, rating, credits, address) values (32, 'Edmon Leng', 'elengv@hostgator.com', 'wQrFlN', 4.18, 0, '177 Springs Terrace');
insert into Member (id, name, email, password, rating, credits, address) values (33, 'Chevalier Rehor', 'crehorw@deviantart.com', '9EM6hMElbZ7', 1.03, 0, '8940 Ronald Regan Park');
insert into Member (id, name, email, password, rating, credits, address) values (34, 'Tedie Bricksey', 'tbrickseyx@nature.com', 'QD24RTq1I', 3.19, 0, '96384 Vera Center');
insert into Member (id, name, email, password, rating, credits, address) values (35, 'Flo O''Rafferty', 'foraffertyy@shareasale.com', '1mTVxiy', 2.71, 0, '58 Ruskin Plaza');
insert into Member (id, name, email, password, rating, credits, address) values (36, 'Chris Goodburn', 'cgoodburnz@nifty.com', 'hZsPXxipN0', 1.55, 0, '73 Mitchell Way');
insert into Member (id, name, email, password, rating, credits, address) values (37, 'Valentine Oxtaby', 'voxtaby10@netvibes.com', '6Om2ZD', 2.95, 0, '1502 Victoria Trail');
insert into Member (id, name, email, password, rating, credits, address) values (38, 'Sophronia Klaassens', 'sklaassens11@deliciousdays.com', 'yKOyqjqc', 4.91, 0, '8 Algoma Parkway');
insert into Member (id, name, email, password, rating, credits, address) values (39, 'Vikki Strank', 'vstrank12@sakura.ne.jp', 'SkiQv6TL', 2.1, 0, '4 Golf View Hill');
insert into Member (id, name, email, password, rating, credits, address) values (40, 'Daria McGaugey', 'dmcgaugey13@clickbank.net', 'ECgOG98', 4.74, 0, '9 Emmet Pass');
insert into Member (id, name, email, password, rating, credits, address) values (41, 'Kata Tackes', 'ktackes14@topsy.com', 'PjATk31ogX48', 2.15, 0, '9 Maple Wood Street');
insert into Member (id, name, email, password, rating, credits, address) values (42, 'Raffarty Lemmon', 'rlemmon15@alexa.com', 'e5xJL8y', 1.01, 0, '7 Summer Ridge Parkway');
insert into Member (id, name, email, password, rating, credits, address) values (43, 'Conny Leask', 'cleask16@studiopress.com', 'R5rPm4dvlzH', 2.86, 0, '85919 Eliot Hill');
insert into Member (id, name, email, password, rating, credits, address) values (44, 'Alic Gennrich', 'agennrich17@columbia.edu', 'zgGZYsu', 3.34, 0, '3880 Southridge Crossing');
insert into Member (id, name, email, password, rating, credits, address) values (45, 'Eliza Lyles', 'elyles18@oaic.gov.au', 'lJG2jCa3kF', 2.11, 0, '8 Center Road');
insert into Member (id, name, email, password, rating, credits, address) values (46, 'Shena Kaliszewski', 'skaliszewski19@imdb.com', 'Q3z7StpNEm7', 2.44, 0, '36703 Clarendon Crossing');
insert into Member (id, name, email, password, rating, credits, address) values (47, 'Wyn Basant', 'wbasant1a@springer.com', 'tGhlrXeT', 1.82, 0, '3 Pearson Place');
insert into Member (id, name, email, password, rating, credits, address) values (48, 'Shantee Demonge', 'sdemonge1b@stumbleupon.com', 'wOd0rLwXvVP0', 2.85, 0, '1 Sachs Circle');
insert into Member (id, name, email, password, rating, credits, address) values (49, 'Bettina Innwood', 'binnwood1c@privacy.gov.au', 'sl574KXDG', 2.38, 0, '372 Starling Place');
insert into Member (id, name, email, password, rating, credits, address) values (50, 'Kaye Crosscombe', 'kcrosscombe1d@ihg.com', 'bUXdIB2g1aMO', 2.82, 0, '4 Havey Plaza');


insert into Brand (id, name) values (0, ' Seat');
insert into Brand (id, name) values (1, ' Renault');
insert into Brand (id, name) values (2, ' Peugeot');
insert into Brand (id, name) values (3, ' Dacia');
insert into Brand (id, name) values (4, ' Citroën');
insert into Brand (id, name) values (5, ' Opel');
insert into Brand (id, name) values (6, ' Alfa Romeo');
insert into Brand (id, name) values (7, ' Škoda');
insert into Brand (id, name) values (8, ' Chevrolet');
insert into Brand (id, name) values (9, ' Porsche');
insert into Brand (id, name) values (10, ' Honda');
insert into Brand (id, name) values (11, ' Subaru');
insert into Brand (id, name) values (12, ' Mazda');
insert into Brand (id, name) values (13, ' Mitsubishi');
insert into Brand (id, name) values (14, ' Lexus');
insert into Brand (id, name) values (15, ' Toyota');
insert into Brand (id, name) values (16, ' BMW');
insert into Brand (id, name) values (17, ' Volkswagen');
insert into Brand (id, name) values (18, ' Suzuki');
insert into Brand (id, name) values (19, ' Mercedes-Benz');
insert into Brand (id, name) values (20, ' Saab');
insert into Brand (id, name) values (21, ' Audi');
insert into Brand (id, name) values (22, ' Kia');
insert into Brand (id, name) values (23, ' Land Rover');
insert into Brand (id, name) values (24, ' Dodge');
insert into Brand (id, name) values (25, ' Chrysler');
insert into Brand (id, name) values (26, ' Ford');
insert into Brand (id, name) values (27, ' Hummer');
insert into Brand (id, name) values (28, ' Hyundai');
insert into Brand (id, name) values (29, ' Infiniti');
insert into Brand (id, name) values (30, ' Jaguar');
insert into Brand (id, name) values (31, ' Jeep');
insert into Brand (id, name) values (32, ' Nissan');
insert into Brand (id, name) values (33, ' Volvo');
insert into Brand (id, name) values (34, ' Daewoo');
insert into Brand (id, name) values (35, ' Fiat');
insert into Brand (id, name) values (36, ' MINI');
insert into Brand (id, name) values (37, ' Rover');
insert into Brand (id, name) values (38, ' Smart');

insert into Category (id, name) values (0, ' Sedan');
insert into Category (id, name) values (1, ' SUV');
insert into Category (id, name) values (2, ' Coupe');
insert into Category (id, name) values (3, ' Wagon');
insert into Category (id, name) values (4, ' Convertible');
insert into Category (id, name) values (5, ' Hatchback');
insert into Category (id, name) values (6, ' Pickup');
insert into Category (id, name) values (7, ' Van');


insert into Model (id, name, id_Brand) values (0, ' Alhambra', 0);
insert into Model (id, name, id_Brand) values (1, ' Altea', 0);
insert into Model (id, name, id_Brand) values (2, ' Altea XL', 0);
insert into Model (id, name, id_Brand) values (3, ' Arosa', 0);
insert into Model (id, name, id_Brand) values (4, ' Cordoba', 0);
insert into Model (id, name, id_Brand) values (5, ' Cordoba Vario', 0);
insert into Model (id, name, id_Brand) values (6, ' Exeo', 0);
insert into Model (id, name, id_Brand) values (7, ' Ibiza', 0);
insert into Model (id, name, id_Brand) values (8, ' Ibiza ST', 0);
insert into Model (id, name, id_Brand) values (9, ' Exeo ST', 0);
insert into Model (id, name, id_Brand) values (10, ' Leon', 0);
insert into Model (id, name, id_Brand) values (11, ' Leon ST', 0);
insert into Model (id, name, id_Brand) values (12, ' Inca', 0);
insert into Model (id, name, id_Brand) values (13, ' Mii', 0);
insert into Model (id, name, id_Brand) values (14, ' Toledo', 0);
insert into Model (id, name, id_Brand) values (15, ' Captur', 1);
insert into Model (id, name, id_Brand) values (16, ' Clio', 1);
insert into Model (id, name, id_Brand) values (17, ' Clio Grandtour', 1);
insert into Model (id, name, id_Brand) values (18, ' Espace', 1);
insert into Model (id, name, id_Brand) values (19, ' Express', 1);
insert into Model (id, name, id_Brand) values (20, ' Fluence', 1);
insert into Model (id, name, id_Brand) values (21, ' Grand Espace', 1);
insert into Model (id, name, id_Brand) values (22, ' Grand Modus', 1);
insert into Model (id, name, id_Brand) values (23, ' Grand Scenic', 1);
insert into Model (id, name, id_Brand) values (24, ' Kadjar', 1);
insert into Model (id, name, id_Brand) values (25, ' Kangoo', 1);
insert into Model (id, name, id_Brand) values (26, ' Kangoo Express', 1);
insert into Model (id, name, id_Brand) values (27, ' Koleos', 1);
insert into Model (id, name, id_Brand) values (28, ' Laguna', 1);
insert into Model (id, name, id_Brand) values (29, ' Laguna Grandtour', 1);
insert into Model (id, name, id_Brand) values (30, ' Latitude', 1);
insert into Model (id, name, id_Brand) values (31, ' Mascott', 1);
insert into Model (id, name, id_Brand) values (32, ' Mégane', 1);
insert into Model (id, name, id_Brand) values (33, ' Mégane CC', 1);
insert into Model (id, name, id_Brand) values (34, ' Mégane Combi', 1);
insert into Model (id, name, id_Brand) values (35, ' Mégane Grandtour', 1);
insert into Model (id, name, id_Brand) values (36, ' Mégane Coupé', 1);
insert into Model (id, name, id_Brand) values (37, ' Mégane Scénic', 1);
insert into Model (id, name, id_Brand) values (38, ' Scénic', 1);
insert into Model (id, name, id_Brand) values (39, ' Talisman', 1);
insert into Model (id, name, id_Brand) values (40, ' Talisman Grandtour', 1);
insert into Model (id, name, id_Brand) values (41, ' Thalia', 1);
insert into Model (id, name, id_Brand) values (42, ' Twingo', 1);
insert into Model (id, name, id_Brand) values (43, ' Wind', 1);
insert into Model (id, name, id_Brand) values (44, ' Zoé', 1);
insert into Model (id, name, id_Brand) values (45, ' 1007', 2);
insert into Model (id, name, id_Brand) values (46, ' 107', 2);
insert into Model (id, name, id_Brand) values (47, ' 106', 2);
insert into Model (id, name, id_Brand) values (48, ' 108', 2);
insert into Model (id, name, id_Brand) values (49, ' 2008', 2);
insert into Model (id, name, id_Brand) values (50, ' 205', 2);
insert into Model (id, name, id_Brand) values (51, ' 205 Cabrio', 2);
insert into Model (id, name, id_Brand) values (52, ' 206', 2);
insert into Model (id, name, id_Brand) values (53, ' 206 CC', 2);
insert into Model (id, name, id_Brand) values (54, ' 206 SW', 2);
insert into Model (id, name, id_Brand) values (55, ' 207', 2);
insert into Model (id, name, id_Brand) values (56, ' 207 CC', 2);
insert into Model (id, name, id_Brand) values (57, ' 207 SW', 2);
insert into Model (id, name, id_Brand) values (58, ' 306', 2);
insert into Model (id, name, id_Brand) values (59, ' 307', 2);
insert into Model (id, name, id_Brand) values (60, ' 307 CC', 2);
insert into Model (id, name, id_Brand) values (61, ' 307 SW', 2);
insert into Model (id, name, id_Brand) values (62, ' 308', 2);
insert into Model (id, name, id_Brand) values (63, ' 308 CC', 2);
insert into Model (id, name, id_Brand) values (64, ' 308 SW', 2);
insert into Model (id, name, id_Brand) values (65, ' 309', 2);
insert into Model (id, name, id_Brand) values (66, ' 4007', 2);
insert into Model (id, name, id_Brand) values (67, ' 4008', 2);
insert into Model (id, name, id_Brand) values (68, ' 405', 2);
insert into Model (id, name, id_Brand) values (69, ' 406', 2);
insert into Model (id, name, id_Brand) values (70, ' 407', 2);
insert into Model (id, name, id_Brand) values (71, ' 407 SW', 2);
insert into Model (id, name, id_Brand) values (72, ' 5008', 2);
insert into Model (id, name, id_Brand) values (73, ' 508', 2);
insert into Model (id, name, id_Brand) values (74, ' 508 SW', 2);
insert into Model (id, name, id_Brand) values (75, ' 605', 2);
insert into Model (id, name, id_Brand) values (76, ' 806', 2);
insert into Model (id, name, id_Brand) values (77, ' 607', 2);
insert into Model (id, name, id_Brand) values (78, ' 807', 2);
insert into Model (id, name, id_Brand) values (79, ' Bipper', 2);
insert into Model (id, name, id_Brand) values (80, ' RCZ', 2);
insert into Model (id, name, id_Brand) values (81, ' Dokker', 3);
insert into Model (id, name, id_Brand) values (82, ' Duster', 3);
insert into Model (id, name, id_Brand) values (83, ' Lodgy', 3);
insert into Model (id, name, id_Brand) values (84, ' Logan', 3);
insert into Model (id, name, id_Brand) values (85, ' Logan MCV', 3);
insert into Model (id, name, id_Brand) values (86, ' Logan Van', 3);
insert into Model (id, name, id_Brand) values (87, ' Sandero', 3);
insert into Model (id, name, id_Brand) values (88, ' Solenza', 3);
insert into Model (id, name, id_Brand) values (89, ' Berlingo', 4);
insert into Model (id, name, id_Brand) values (90, ' C-Crosser', 4);
insert into Model (id, name, id_Brand) values (91, ' C-Elissée', 4);
insert into Model (id, name, id_Brand) values (92, ' C-Zero', 4);
insert into Model (id, name, id_Brand) values (93, ' C1', 4);
insert into Model (id, name, id_Brand) values (94, ' C2', 4);
insert into Model (id, name, id_Brand) values (95, ' C3', 4);
insert into Model (id, name, id_Brand) values (96, ' C3 Picasso', 4);
insert into Model (id, name, id_Brand) values (97, ' C4', 4);
insert into Model (id, name, id_Brand) values (98, ' C4 Aircross', 4);
insert into Model (id, name, id_Brand) values (99, ' C4 Cactus', 4);
insert into Model (id, name, id_Brand) values (100, ' C4 Coupé', 4);
insert into Model (id, name, id_Brand) values (101, ' C4 Grand Picasso', 4);
insert into Model (id, name, id_Brand) values (102, ' C4 Sedan', 4);
insert into Model (id, name, id_Brand) values (103, ' C5', 4);
insert into Model (id, name, id_Brand) values (104, ' C5 Break', 4);
insert into Model (id, name, id_Brand) values (105, ' C5 Tourer', 4);
insert into Model (id, name, id_Brand) values (106, ' C6', 4);
insert into Model (id, name, id_Brand) values (107, ' C8', 4);
insert into Model (id, name, id_Brand) values (108, ' DS3', 4);
insert into Model (id, name, id_Brand) values (109, ' DS4', 4);
insert into Model (id, name, id_Brand) values (110, ' DS5', 4);
insert into Model (id, name, id_Brand) values (111, ' Evasion', 4);
insert into Model (id, name, id_Brand) values (112, ' Jumper', 4);
insert into Model (id, name, id_Brand) values (113, ' Jumpy', 4);
insert into Model (id, name, id_Brand) values (114, ' Saxo', 4);
insert into Model (id, name, id_Brand) values (115, ' Nemo', 4);
insert into Model (id, name, id_Brand) values (116, ' Xantia', 4);
insert into Model (id, name, id_Brand) values (117, ' Xsara', 4);
insert into Model (id, name, id_Brand) values (118, ' Agila', 5);
insert into Model (id, name, id_Brand) values (119, ' Ampera', 5);
insert into Model (id, name, id_Brand) values (120, ' Antara', 5);
insert into Model (id, name, id_Brand) values (121, ' Astra', 5);
insert into Model (id, name, id_Brand) values (122, ' Astra cabrio', 5);
insert into Model (id, name, id_Brand) values (123, ' Astra caravan', 5);
insert into Model (id, name, id_Brand) values (124, ' Astra coupé', 5);
insert into Model (id, name, id_Brand) values (125, ' Calibra', 5);
insert into Model (id, name, id_Brand) values (126, ' Campo', 5);
insert into Model (id, name, id_Brand) values (127, ' Cascada', 5);
insert into Model (id, name, id_Brand) values (128, ' Corsa', 5);
insert into Model (id, name, id_Brand) values (129, ' Frontera', 5);
insert into Model (id, name, id_Brand) values (130, ' Insignia', 5);
insert into Model (id, name, id_Brand) values (131, ' Insignia kombi', 5);
insert into Model (id, name, id_Brand) values (132, ' Kadett', 5);
insert into Model (id, name, id_Brand) values (133, ' Meriva', 5);
insert into Model (id, name, id_Brand) values (134, ' Mokka', 5);
insert into Model (id, name, id_Brand) values (135, ' Movano', 5);
insert into Model (id, name, id_Brand) values (136, ' Omega', 5);
insert into Model (id, name, id_Brand) values (137, ' Signum', 5);
insert into Model (id, name, id_Brand) values (138, ' Vectra', 5);
insert into Model (id, name, id_Brand) values (139, ' Vectra Caravan', 5);
insert into Model (id, name, id_Brand) values (140, ' Vivaro', 5);
insert into Model (id, name, id_Brand) values (141, ' Vivaro Kombi', 5);
insert into Model (id, name, id_Brand) values (142, ' Zafira', 5);
insert into Model (id, name, id_Brand) values (143, ' 145', 6);
insert into Model (id, name, id_Brand) values (144, ' 146', 6);
insert into Model (id, name, id_Brand) values (145, ' 147', 6);
insert into Model (id, name, id_Brand) values (146, ' 155', 6);
insert into Model (id, name, id_Brand) values (147, ' 156', 6);
insert into Model (id, name, id_Brand) values (148, ' 156 Sportwagon', 6);
insert into Model (id, name, id_Brand) values (149, ' 159', 6);
insert into Model (id, name, id_Brand) values (150, ' 159 Sportwagon', 6);
insert into Model (id, name, id_Brand) values (151, ' 164', 6);
insert into Model (id, name, id_Brand) values (152, ' 166', 6);
insert into Model (id, name, id_Brand) values (153, ' 4C', 6);
insert into Model (id, name, id_Brand) values (154, ' Brera', 6);
insert into Model (id, name, id_Brand) values (155, ' GTV', 6);
insert into Model (id, name, id_Brand) values (156, ' MiTo', 6);
insert into Model (id, name, id_Brand) values (157, ' Crosswagon', 6);
insert into Model (id, name, id_Brand) values (158, ' Spider', 6);
insert into Model (id, name, id_Brand) values (159, ' GT', 6);
insert into Model (id, name, id_Brand) values (160, ' Giulietta', 6);
insert into Model (id, name, id_Brand) values (161, ' Giulia', 6);
insert into Model (id, name, id_Brand) values (162, ' Favorit', 7);
insert into Model (id, name, id_Brand) values (163, ' Felicia', 7);
insert into Model (id, name, id_Brand) values (164, ' Citigo', 7);
insert into Model (id, name, id_Brand) values (165, ' Fabia', 7);
insert into Model (id, name, id_Brand) values (166, ' Fabia Combi', 7);
insert into Model (id, name, id_Brand) values (167, ' Fabia Sedan', 7);
insert into Model (id, name, id_Brand) values (168, ' Felicia Combi', 7);
insert into Model (id, name, id_Brand) values (169, ' Octavia', 7);
insert into Model (id, name, id_Brand) values (170, ' Octavia Combi', 7);
insert into Model (id, name, id_Brand) values (171, ' Roomster', 7);
insert into Model (id, name, id_Brand) values (172, ' Yeti', 7);
insert into Model (id, name, id_Brand) values (173, ' Rapid', 7);
insert into Model (id, name, id_Brand) values (174, ' Rapid Spaceback', 7);
insert into Model (id, name, id_Brand) values (175, ' Superb', 7);
insert into Model (id, name, id_Brand) values (176, ' Superb Combi', 7);
insert into Model (id, name, id_Brand) values (177, ' Alero', 8);
insert into Model (id, name, id_Brand) values (178, ' Aveo', 8);
insert into Model (id, name, id_Brand) values (179, ' Camaro', 8);
insert into Model (id, name, id_Brand) values (180, ' Captiva', 8);
insert into Model (id, name, id_Brand) values (181, ' Corvette', 8);
insert into Model (id, name, id_Brand) values (182, ' Cruze', 8);
insert into Model (id, name, id_Brand) values (183, ' Cruze SW', 8);
insert into Model (id, name, id_Brand) values (184, ' Epica', 8);
insert into Model (id, name, id_Brand) values (185, ' Equinox', 8);
insert into Model (id, name, id_Brand) values (186, ' Evanda', 8);
insert into Model (id, name, id_Brand) values (187, ' HHR', 8);
insert into Model (id, name, id_Brand) values (188, ' Kalos', 8);
insert into Model (id, name, id_Brand) values (189, ' Lacetti', 8);
insert into Model (id, name, id_Brand) values (190, ' Lacetti SW', 8);
insert into Model (id, name, id_Brand) values (191, ' Lumina', 8);
insert into Model (id, name, id_Brand) values (192, ' Malibu', 8);
insert into Model (id, name, id_Brand) values (193, ' Matiz', 8);
insert into Model (id, name, id_Brand) values (194, ' Monte Carlo', 8);
insert into Model (id, name, id_Brand) values (195, ' Nubira', 8);
insert into Model (id, name, id_Brand) values (196, ' Orlando', 8);
insert into Model (id, name, id_Brand) values (197, ' Spark', 8);
insert into Model (id, name, id_Brand) values (198, ' Suburban', 8);
insert into Model (id, name, id_Brand) values (199, ' Tacuma', 8);
insert into Model (id, name, id_Brand) values (200, ' Tahoe', 8);
insert into Model (id, name, id_Brand) values (201, ' Trax', 8);
insert into Model (id, name, id_Brand) values (202, ' 911 Carrera', 9);
insert into Model (id, name, id_Brand) values (203, ' 911 Carrera Cabrio', 9);
insert into Model (id, name, id_Brand) values (204, ' 911 Targa', 9);
insert into Model (id, name, id_Brand) values (205, ' 911 Turbo', 9);
insert into Model (id, name, id_Brand) values (206, ' 924', 9);
insert into Model (id, name, id_Brand) values (207, ' 944', 9);
insert into Model (id, name, id_Brand) values (208, ' 997', 9);
insert into Model (id, name, id_Brand) values (209, ' Boxster', 9);
insert into Model (id, name, id_Brand) values (210, ' Cayenne', 9);
insert into Model (id, name, id_Brand) values (211, ' Cayman', 9);
insert into Model (id, name, id_Brand) values (212, ' Macan', 9);
insert into Model (id, name, id_Brand) values (213, ' Panamera', 9);
insert into Model (id, name, id_Brand) values (214, ' Accord', 10);
insert into Model (id, name, id_Brand) values (215, ' Accord Coupé', 10);
insert into Model (id, name, id_Brand) values (216, ' Accord Tourer', 10);
insert into Model (id, name, id_Brand) values (217, ' City', 10);
insert into Model (id, name, id_Brand) values (218, ' Civic', 10);
insert into Model (id, name, id_Brand) values (219, ' Civic Aerodeck', 10);
insert into Model (id, name, id_Brand) values (220, ' Civic Coupé', 10);
insert into Model (id, name, id_Brand) values (221, ' Civic Tourer', 10);
insert into Model (id, name, id_Brand) values (222, ' Civic Type R', 10);
insert into Model (id, name, id_Brand) values (223, ' CR-V', 10);
insert into Model (id, name, id_Brand) values (224, ' CR-X', 10);
insert into Model (id, name, id_Brand) values (225, ' CR-Z', 10);
insert into Model (id, name, id_Brand) values (226, ' FR-V', 10);
insert into Model (id, name, id_Brand) values (227, ' HR-V', 10);
insert into Model (id, name, id_Brand) values (228, ' Insight', 10);
insert into Model (id, name, id_Brand) values (229, ' Integra', 10);
insert into Model (id, name, id_Brand) values (230, ' Jazz', 10);
insert into Model (id, name, id_Brand) values (231, ' Legend', 10);
insert into Model (id, name, id_Brand) values (232, ' Prelude', 10);
insert into Model (id, name, id_Brand) values (233, ' BRZ', 11);
insert into Model (id, name, id_Brand) values (234, ' Forester', 11);
insert into Model (id, name, id_Brand) values (235, ' Impreza', 11);
insert into Model (id, name, id_Brand) values (236, ' Impreza Wagon', 11);
insert into Model (id, name, id_Brand) values (237, ' Justy', 11);
insert into Model (id, name, id_Brand) values (238, ' Legacy', 11);
insert into Model (id, name, id_Brand) values (239, ' Legacy Wagon', 11);
insert into Model (id, name, id_Brand) values (240, ' Legacy Outback', 11);
insert into Model (id, name, id_Brand) values (241, ' Levorg', 11);
insert into Model (id, name, id_Brand) values (242, ' Outback', 11);
insert into Model (id, name, id_Brand) values (243, ' SVX', 11);
insert into Model (id, name, id_Brand) values (244, ' Tribeca', 11);
insert into Model (id, name, id_Brand) values (245, ' Tribeca B9', 11);
insert into Model (id, name, id_Brand) values (246, ' XV', 11);
insert into Model (id, name, id_Brand) values (247, ' 121', 12);
insert into Model (id, name, id_Brand) values (248, ' 2', 12);
insert into Model (id, name, id_Brand) values (249, ' 3', 12);
insert into Model (id, name, id_Brand) values (250, ' 323', 12);
insert into Model (id, name, id_Brand) values (251, ' 323 Combi', 12);
insert into Model (id, name, id_Brand) values (252, ' 323 Coupé', 12);
insert into Model (id, name, id_Brand) values (253, ' 323 F', 12);
insert into Model (id, name, id_Brand) values (254, ' 5', 12);
insert into Model (id, name, id_Brand) values (255, ' 6', 12);
insert into Model (id, name, id_Brand) values (256, ' 6 Combi', 12);
insert into Model (id, name, id_Brand) values (257, ' 626', 12);
insert into Model (id, name, id_Brand) values (258, ' 626 Combi', 12);
insert into Model (id, name, id_Brand) values (259, ' B-Fighter', 12);
insert into Model (id, name, id_Brand) values (260, ' B2500', 12);
insert into Model (id, name, id_Brand) values (261, ' BT', 12);
insert into Model (id, name, id_Brand) values (262, ' CX-3', 12);
insert into Model (id, name, id_Brand) values (263, ' CX-5', 12);
insert into Model (id, name, id_Brand) values (264, ' CX-7', 12);
insert into Model (id, name, id_Brand) values (265, ' CX-9', 12);
insert into Model (id, name, id_Brand) values (266, ' Demio', 12);
insert into Model (id, name, id_Brand) values (267, ' MPV', 12);
insert into Model (id, name, id_Brand) values (268, ' MX-3', 12);
insert into Model (id, name, id_Brand) values (269, ' MX-5', 12);
insert into Model (id, name, id_Brand) values (270, ' MX-6', 12);
insert into Model (id, name, id_Brand) values (271, ' Premacy', 12);
insert into Model (id, name, id_Brand) values (272, ' RX-7', 12);
insert into Model (id, name, id_Brand) values (273, ' RX-8', 12);
insert into Model (id, name, id_Brand) values (274, ' Xedox 6', 12);
insert into Model (id, name, id_Brand) values (275, ' 3000 GT', 13);
insert into Model (id, name, id_Brand) values (276, ' ASX', 13);
insert into Model (id, name, id_Brand) values (277, ' Carisma', 13);
insert into Model (id, name, id_Brand) values (278, ' Colt', 13);
insert into Model (id, name, id_Brand) values (279, ' Colt CC', 13);
insert into Model (id, name, id_Brand) values (280, ' Eclipse', 13);
insert into Model (id, name, id_Brand) values (281, ' Fuso canter', 13);
insert into Model (id, name, id_Brand) values (282, ' Galant', 13);
insert into Model (id, name, id_Brand) values (283, ' Galant Combi', 13);
insert into Model (id, name, id_Brand) values (284, ' Grandis', 13);
insert into Model (id, name, id_Brand) values (285, ' L200', 13);
insert into Model (id, name, id_Brand) values (286, ' L200 Pick up', 13);
insert into Model (id, name, id_Brand) values (287, ' L200 Pick up Allrad', 13);
insert into Model (id, name, id_Brand) values (288, ' L300', 13);
insert into Model (id, name, id_Brand) values (289, ' Lancer', 13);
insert into Model (id, name, id_Brand) values (290, ' Lancer Combi', 13);
insert into Model (id, name, id_Brand) values (291, ' Lancer Evo', 13);
insert into Model (id, name, id_Brand) values (292, ' Lancer Sportback', 13);
insert into Model (id, name, id_Brand) values (293, ' Outlander', 13);
insert into Model (id, name, id_Brand) values (294, ' Pajero', 13);
insert into Model (id, name, id_Brand) values (295, ' Pajeto Pinin', 13);
insert into Model (id, name, id_Brand) values (296, ' Pajero Pinin Wagon', 13);
insert into Model (id, name, id_Brand) values (297, ' Pajero Sport', 13);
insert into Model (id, name, id_Brand) values (298, ' Pajero Wagon', 13);
insert into Model (id, name, id_Brand) values (299, ' Space Star', 13);
insert into Model (id, name, id_Brand) values (300, ' CT', 14);
insert into Model (id, name, id_Brand) values (301, ' GS', 14);
insert into Model (id, name, id_Brand) values (302, ' GS 300', 14);
insert into Model (id, name, id_Brand) values (303, ' GX', 14);
insert into Model (id, name, id_Brand) values (304, ' IS', 14);
insert into Model (id, name, id_Brand) values (305, ' IS 200', 14);
insert into Model (id, name, id_Brand) values (306, ' IS 250 C', 14);
insert into Model (id, name, id_Brand) values (307, ' IS-F', 14);
insert into Model (id, name, id_Brand) values (308, ' LS', 14);
insert into Model (id, name, id_Brand) values (309, ' LX', 14);
insert into Model (id, name, id_Brand) values (310, ' NX', 14);
insert into Model (id, name, id_Brand) values (311, ' RC F', 14);
insert into Model (id, name, id_Brand) values (312, ' RX', 14);
insert into Model (id, name, id_Brand) values (313, ' RX 300', 14);
insert into Model (id, name, id_Brand) values (314, ' RX 400h', 14);
insert into Model (id, name, id_Brand) values (315, ' RX 450h', 14);
insert into Model (id, name, id_Brand) values (316, ' SC 430', 14);
insert into Model (id, name, id_Brand) values (317, ' 4-Runner', 15);
insert into Model (id, name, id_Brand) values (318, ' Auris', 15);
insert into Model (id, name, id_Brand) values (319, ' Avensis', 15);
insert into Model (id, name, id_Brand) values (320, ' Avensis Combi', 15);
insert into Model (id, name, id_Brand) values (321, ' Avensis Van Verso', 15);
insert into Model (id, name, id_Brand) values (322, ' Aygo', 15);
insert into Model (id, name, id_Brand) values (323, ' Camry', 15);
insert into Model (id, name, id_Brand) values (324, ' Carina', 15);
insert into Model (id, name, id_Brand) values (325, ' Celica', 15);
insert into Model (id, name, id_Brand) values (326, ' Corolla', 15);
insert into Model (id, name, id_Brand) values (327, ' Corolla Combi', 15);
insert into Model (id, name, id_Brand) values (328, ' Corolla sedan', 15);
insert into Model (id, name, id_Brand) values (329, ' Corolla Verso', 15);
insert into Model (id, name, id_Brand) values (330, ' FJ Cruiser', 15);
insert into Model (id, name, id_Brand) values (331, ' GT86', 15);
insert into Model (id, name, id_Brand) values (332, ' Hiace', 15);
insert into Model (id, name, id_Brand) values (333, ' Hiace Van', 15);
insert into Model (id, name, id_Brand) values (334, ' Highlander', 15);
insert into Model (id, name, id_Brand) values (335, ' Hilux', 15);
insert into Model (id, name, id_Brand) values (336, ' Land Cruiser', 15);
insert into Model (id, name, id_Brand) values (337, ' MR2', 15);
insert into Model (id, name, id_Brand) values (338, ' Paseo', 15);
insert into Model (id, name, id_Brand) values (339, ' Picnic', 15);
insert into Model (id, name, id_Brand) values (340, ' Prius', 15);
insert into Model (id, name, id_Brand) values (341, ' RAV4', 15);
insert into Model (id, name, id_Brand) values (342, ' Sequoia', 15);
insert into Model (id, name, id_Brand) values (343, ' Starlet', 15);
insert into Model (id, name, id_Brand) values (344, ' Supra', 15);
insert into Model (id, name, id_Brand) values (345, ' Tundra', 15);
insert into Model (id, name, id_Brand) values (346, ' Urban Cruiser', 15);
insert into Model (id, name, id_Brand) values (347, ' Verso', 15);
insert into Model (id, name, id_Brand) values (348, ' Yaris', 15);
insert into Model (id, name, id_Brand) values (349, ' Yaris Verso', 15);
insert into Model (id, name, id_Brand) values (350, ' i3', 16);
insert into Model (id, name, id_Brand) values (351, ' i8', 16);
insert into Model (id, name, id_Brand) values (352, ' M3', 16);
insert into Model (id, name, id_Brand) values (353, ' M4', 16);
insert into Model (id, name, id_Brand) values (354, ' M5', 16);
insert into Model (id, name, id_Brand) values (355, ' M6', 16);
insert into Model (id, name, id_Brand) values (356, ' Rad 1', 16);
insert into Model (id, name, id_Brand) values (357, ' Rad 1 Cabrio', 16);
insert into Model (id, name, id_Brand) values (358, ' Rad 1 Coupé', 16);
insert into Model (id, name, id_Brand) values (359, ' Rad 2', 16);
insert into Model (id, name, id_Brand) values (360, ' Rad 2 Active Tourer', 16);
insert into Model (id, name, id_Brand) values (361, ' Rad 2 Coupé', 16);
insert into Model (id, name, id_Brand) values (362, ' Rad 2 Gran Tourer', 16);
insert into Model (id, name, id_Brand) values (363, ' Rad 3', 16);
insert into Model (id, name, id_Brand) values (364, ' Rad 3 Cabrio', 16);
insert into Model (id, name, id_Brand) values (365, ' Rad 3 Compact', 16);
insert into Model (id, name, id_Brand) values (366, ' Rad 3 Coupé', 16);
insert into Model (id, name, id_Brand) values (367, ' Rad 3 GT', 16);
insert into Model (id, name, id_Brand) values (368, ' Rad 3 Touring', 16);
insert into Model (id, name, id_Brand) values (369, ' Rad 4', 16);
insert into Model (id, name, id_Brand) values (370, ' Rad 4 Cabrio', 16);
insert into Model (id, name, id_Brand) values (371, ' Rad 4 Gran Coupé', 16);
insert into Model (id, name, id_Brand) values (372, ' Rad 5', 16);
insert into Model (id, name, id_Brand) values (373, ' Rad 5 GT', 16);
insert into Model (id, name, id_Brand) values (374, ' Rad 5 Touring', 16);
insert into Model (id, name, id_Brand) values (375, ' Rad 6', 16);
insert into Model (id, name, id_Brand) values (376, ' Rad 6 Cabrio', 16);
insert into Model (id, name, id_Brand) values (377, ' Rad 6 Coupé', 16);
insert into Model (id, name, id_Brand) values (378, ' Rad 6 Gran Coupé', 16);
insert into Model (id, name, id_Brand) values (379, ' Rad 7', 16);
insert into Model (id, name, id_Brand) values (380, ' Rad 8 Coupé', 16);
insert into Model (id, name, id_Brand) values (381, ' X1', 16);
insert into Model (id, name, id_Brand) values (382, ' X3', 16);
insert into Model (id, name, id_Brand) values (383, ' X4', 16);
insert into Model (id, name, id_Brand) values (384, ' X5', 16);
insert into Model (id, name, id_Brand) values (385, ' X6', 16);
insert into Model (id, name, id_Brand) values (386, ' Z3', 16);
insert into Model (id, name, id_Brand) values (387, ' Z3 Coupé', 16);
insert into Model (id, name, id_Brand) values (388, ' Z3 Roadster', 16);
insert into Model (id, name, id_Brand) values (389, ' Z4', 16);
insert into Model (id, name, id_Brand) values (390, ' Z4 Roadster', 16);
insert into Model (id, name, id_Brand) values (391, ' Amarok', 17);
insert into Model (id, name, id_Brand) values (392, ' Beetle', 17);
insert into Model (id, name, id_Brand) values (393, ' Bora', 17);
insert into Model (id, name, id_Brand) values (394, ' Bora Variant', 17);
insert into Model (id, name, id_Brand) values (395, ' Caddy', 17);
insert into Model (id, name, id_Brand) values (396, ' Caddy Van', 17);
insert into Model (id, name, id_Brand) values (397, ' Life', 17);
insert into Model (id, name, id_Brand) values (398, ' California', 17);
insert into Model (id, name, id_Brand) values (399, ' Caravelle', 17);
insert into Model (id, name, id_Brand) values (400, ' CC', 17);
insert into Model (id, name, id_Brand) values (401, ' Crafter', 17);
insert into Model (id, name, id_Brand) values (402, ' Crafter Van', 17);
insert into Model (id, name, id_Brand) values (403, ' Crafter Kombi', 17);
insert into Model (id, name, id_Brand) values (404, ' CrossTouran', 17);
insert into Model (id, name, id_Brand) values (405, ' Eos', 17);
insert into Model (id, name, id_Brand) values (406, ' Fox', 17);
insert into Model (id, name, id_Brand) values (407, ' Golf', 17);
insert into Model (id, name, id_Brand) values (408, ' Golf Cabrio', 17);
insert into Model (id, name, id_Brand) values (409, ' Golf Plus', 17);
insert into Model (id, name, id_Brand) values (410, ' Golf Sportvan', 17);
insert into Model (id, name, id_Brand) values (411, ' Golf Variant', 17);
insert into Model (id, name, id_Brand) values (412, ' Jetta', 17);
insert into Model (id, name, id_Brand) values (413, ' LT', 17);
insert into Model (id, name, id_Brand) values (414, ' Lupo', 17);
insert into Model (id, name, id_Brand) values (415, ' Multivan', 17);
insert into Model (id, name, id_Brand) values (416, ' New Beetle', 17);
insert into Model (id, name, id_Brand) values (417, ' New Beetle Cabrio', 17);
insert into Model (id, name, id_Brand) values (418, ' Passat', 17);
insert into Model (id, name, id_Brand) values (419, ' Passat Alltrack', 17);
insert into Model (id, name, id_Brand) values (420, ' Passat CC', 17);
insert into Model (id, name, id_Brand) values (421, ' Passat Variant', 17);
insert into Model (id, name, id_Brand) values (422, ' Passat Variant Van', 17);
insert into Model (id, name, id_Brand) values (423, ' Phaeton', 17);
insert into Model (id, name, id_Brand) values (424, ' Polo', 17);
insert into Model (id, name, id_Brand) values (425, ' Polo Van', 17);
insert into Model (id, name, id_Brand) values (426, ' Polo Variant', 17);
insert into Model (id, name, id_Brand) values (427, ' Scirocco', 17);
insert into Model (id, name, id_Brand) values (428, ' Sharan', 17);
insert into Model (id, name, id_Brand) values (429, ' T4', 17);
insert into Model (id, name, id_Brand) values (430, ' T4 Caravelle', 17);
insert into Model (id, name, id_Brand) values (431, ' T4 Multivan', 17);
insert into Model (id, name, id_Brand) values (432, ' T5', 17);
insert into Model (id, name, id_Brand) values (433, ' T5 Caravelle', 17);
insert into Model (id, name, id_Brand) values (434, ' T5 Multivan', 17);
insert into Model (id, name, id_Brand) values (435, ' T5 Transporter Shuttle', 17);
insert into Model (id, name, id_Brand) values (436, ' Tiguan', 17);
insert into Model (id, name, id_Brand) values (437, ' Touareg', 17);
insert into Model (id, name, id_Brand) values (438, ' Touran', 17);
insert into Model (id, name, id_Brand) values (439, ' Alto', 18);
insert into Model (id, name, id_Brand) values (440, ' Baleno', 18);
insert into Model (id, name, id_Brand) values (441, ' Baleno kombi', 18);
insert into Model (id, name, id_Brand) values (442, ' Grand Vitara', 18);
insert into Model (id, name, id_Brand) values (443, ' Grand Vitara XL-7', 18);
insert into Model (id, name, id_Brand) values (444, ' Ignis', 18);
insert into Model (id, name, id_Brand) values (445, ' Jimny', 18);
insert into Model (id, name, id_Brand) values (446, ' Kizashi', 18);
insert into Model (id, name, id_Brand) values (447, ' Liana', 18);
insert into Model (id, name, id_Brand) values (448, ' Samurai', 18);
insert into Model (id, name, id_Brand) values (449, ' Splash', 18);
insert into Model (id, name, id_Brand) values (450, ' Swift', 18);
insert into Model (id, name, id_Brand) values (451, ' SX4', 18);
insert into Model (id, name, id_Brand) values (452, ' SX4 Sedan', 18);
insert into Model (id, name, id_Brand) values (453, ' Vitara', 18);
insert into Model (id, name, id_Brand) values (454, ' Wagon R+', 18);
insert into Model (id, name, id_Brand) values (455, ' 100 D', 19);
insert into Model (id, name, id_Brand) values (456, ' 115', 19);
insert into Model (id, name, id_Brand) values (457, ' 124', 19);
insert into Model (id, name, id_Brand) values (458, ' 126', 19);
insert into Model (id, name, id_Brand) values (459, ' 190', 19);
insert into Model (id, name, id_Brand) values (460, ' 190 D', 19);
insert into Model (id, name, id_Brand) values (461, ' 190 E', 19);
insert into Model (id, name, id_Brand) values (462, ' 200 - 300', 19);
insert into Model (id, name, id_Brand) values (463, ' 200 D', 19);
insert into Model (id, name, id_Brand) values (464, ' 200 E', 19);
insert into Model (id, name, id_Brand) values (465, ' 210 Van', 19);
insert into Model (id, name, id_Brand) values (466, ' 210 kombi', 19);
insert into Model (id, name, id_Brand) values (467, ' 310 Van', 19);
insert into Model (id, name, id_Brand) values (468, ' 310 kombi', 19);
insert into Model (id, name, id_Brand) values (469, ' 230 - 300 CE Coupé', 19);
insert into Model (id, name, id_Brand) values (470, ' 260 - 560 SE', 19);
insert into Model (id, name, id_Brand) values (471, ' 260 - 560 SEL', 19);
insert into Model (id, name, id_Brand) values (472, ' 500 - 600 SEC Coupé', 19);
insert into Model (id, name, id_Brand) values (473, ' Trieda A', 19);
insert into Model (id, name, id_Brand) values (474, ' A', 19);
insert into Model (id, name, id_Brand) values (475, ' A L', 19);
insert into Model (id, name, id_Brand) values (476, ' AMG GT', 19);
insert into Model (id, name, id_Brand) values (477, ' Trieda B', 19);
insert into Model (id, name, id_Brand) values (478, ' Trieda C', 19);
insert into Model (id, name, id_Brand) values (479, ' C', 19);
insert into Model (id, name, id_Brand) values (480, ' C Sportcoupé', 19);
insert into Model (id, name, id_Brand) values (481, ' C T', 19);
insert into Model (id, name, id_Brand) values (482, ' Citan', 19);
insert into Model (id, name, id_Brand) values (483, ' CL', 19);
insert into Model (id, name, id_Brand) values (484, ' CL', 19);
insert into Model (id, name, id_Brand) values (485, ' CLA', 19);
insert into Model (id, name, id_Brand) values (486, ' CLC', 19);
insert into Model (id, name, id_Brand) values (487, ' CLK Cabrio', 19);
insert into Model (id, name, id_Brand) values (488, ' CLK Coupé', 19);
insert into Model (id, name, id_Brand) values (489, ' CLS', 19);
insert into Model (id, name, id_Brand) values (490, ' Trieda E', 19);
insert into Model (id, name, id_Brand) values (491, ' E', 19);
insert into Model (id, name, id_Brand) values (492, ' E Cabrio', 19);
insert into Model (id, name, id_Brand) values (493, ' E Coupé', 19);
insert into Model (id, name, id_Brand) values (494, ' E T', 19);
insert into Model (id, name, id_Brand) values (495, ' Trieda G', 19);
insert into Model (id, name, id_Brand) values (496, ' G Cabrio', 19);
insert into Model (id, name, id_Brand) values (497, ' GL', 19);
insert into Model (id, name, id_Brand) values (498, ' GLA', 19);
insert into Model (id, name, id_Brand) values (499, ' GLC', 19);
insert into Model (id, name, id_Brand) values (500, ' GLE', 19);
insert into Model (id, name, id_Brand) values (501, ' GLK', 19);
insert into Model (id, name, id_Brand) values (502, ' Trieda M', 19);
insert into Model (id, name, id_Brand) values (503, ' MB 100', 19);
insert into Model (id, name, id_Brand) values (504, ' Trieda R', 19);
insert into Model (id, name, id_Brand) values (505, ' Trieda S', 19);
insert into Model (id, name, id_Brand) values (506, ' S', 19);
insert into Model (id, name, id_Brand) values (507, ' S Coupé', 19);
insert into Model (id, name, id_Brand) values (508, ' SL', 19);
insert into Model (id, name, id_Brand) values (509, ' SLC', 19);
insert into Model (id, name, id_Brand) values (510, ' SLK', 19);
insert into Model (id, name, id_Brand) values (511, ' SLR', 19);
insert into Model (id, name, id_Brand) values (512, ' Sprinter', 19);
insert into Model (id, name, id_Brand) values (513, ' 9-3', 20);
insert into Model (id, name, id_Brand) values (514, ' 9-3 Cabriolet', 20);
insert into Model (id, name, id_Brand) values (515, ' 9-3 Coupé', 20);
insert into Model (id, name, id_Brand) values (516, ' 9-3 SportCombi', 20);
insert into Model (id, name, id_Brand) values (517, ' 9-5', 20);
insert into Model (id, name, id_Brand) values (518, ' 9-5 SportCombi', 20);
insert into Model (id, name, id_Brand) values (519, ' 900', 20);
insert into Model (id, name, id_Brand) values (520, ' 900 C', 20);
insert into Model (id, name, id_Brand) values (521, ' 900 C Turbo', 20);
insert into Model (id, name, id_Brand) values (522, ' 9000', 20);
insert into Model (id, name, id_Brand) values (523, ' 100', 21);
insert into Model (id, name, id_Brand) values (524, ' 100 Avant', 21);
insert into Model (id, name, id_Brand) values (525, ' 80', 21);
insert into Model (id, name, id_Brand) values (526, ' 80 Avant', 21);
insert into Model (id, name, id_Brand) values (527, ' 80 Cabrio', 21);
insert into Model (id, name, id_Brand) values (528, ' 90', 21);
insert into Model (id, name, id_Brand) values (529, ' A1', 21);
insert into Model (id, name, id_Brand) values (530, ' A2', 21);
insert into Model (id, name, id_Brand) values (531, ' A3', 21);
insert into Model (id, name, id_Brand) values (532, ' A3 Cabriolet', 21);
insert into Model (id, name, id_Brand) values (533, ' A3 Limuzina', 21);
insert into Model (id, name, id_Brand) values (534, ' A3 Sportback', 21);
insert into Model (id, name, id_Brand) values (535, ' A4', 21);
insert into Model (id, name, id_Brand) values (536, ' A4 Allroad', 21);
insert into Model (id, name, id_Brand) values (537, ' A4 Avant', 21);
insert into Model (id, name, id_Brand) values (538, ' A4 Cabriolet', 21);
insert into Model (id, name, id_Brand) values (539, ' A5', 21);
insert into Model (id, name, id_Brand) values (540, ' A5 Cabriolet', 21);
insert into Model (id, name, id_Brand) values (541, ' A5 Sportback', 21);
insert into Model (id, name, id_Brand) values (542, ' A6', 21);
insert into Model (id, name, id_Brand) values (543, ' A6 Allroad', 21);
insert into Model (id, name, id_Brand) values (544, ' A6 Avant', 21);
insert into Model (id, name, id_Brand) values (545, ' A7', 21);
insert into Model (id, name, id_Brand) values (546, ' A8', 21);
insert into Model (id, name, id_Brand) values (547, ' A8 Long', 21);
insert into Model (id, name, id_Brand) values (548, ' Q3', 21);
insert into Model (id, name, id_Brand) values (549, ' Q5', 21);
insert into Model (id, name, id_Brand) values (550, ' Q7', 21);
insert into Model (id, name, id_Brand) values (551, ' R8', 21);
insert into Model (id, name, id_Brand) values (552, ' RS4 Cabriolet', 21);
insert into Model (id, name, id_Brand) values (553, ' RS4/RS4 Avant', 21);
insert into Model (id, name, id_Brand) values (554, ' RS5', 21);
insert into Model (id, name, id_Brand) values (555, ' RS6 Avant', 21);
insert into Model (id, name, id_Brand) values (556, ' RS7', 21);
insert into Model (id, name, id_Brand) values (557, ' S3/S3 Sportback', 21);
insert into Model (id, name, id_Brand) values (558, ' S4 Cabriolet', 21);
insert into Model (id, name, id_Brand) values (559, ' S4/S4 Avant', 21);
insert into Model (id, name, id_Brand) values (560, ' S5/S5 Cabriolet', 21);
insert into Model (id, name, id_Brand) values (561, ' S6/RS6', 21);
insert into Model (id, name, id_Brand) values (562, ' S7', 21);
insert into Model (id, name, id_Brand) values (563, ' S8', 21);
insert into Model (id, name, id_Brand) values (564, ' SQ5', 21);
insert into Model (id, name, id_Brand) values (565, ' TT Coupé', 21);
insert into Model (id, name, id_Brand) values (566, ' TT Roadster', 21);
insert into Model (id, name, id_Brand) values (567, ' TTS', 21);
insert into Model (id, name, id_Brand) values (568, ' Avella', 22);
insert into Model (id, name, id_Brand) values (569, ' Besta', 22);
insert into Model (id, name, id_Brand) values (570, ' Carens', 22);
insert into Model (id, name, id_Brand) values (571, ' Carnival', 22);
insert into Model (id, name, id_Brand) values (572, ' Cee`d', 22);
insert into Model (id, name, id_Brand) values (573, ' Cee`d SW', 22);
insert into Model (id, name, id_Brand) values (574, ' Cerato', 22);
insert into Model (id, name, id_Brand) values (575, ' K 2500', 22);
insert into Model (id, name, id_Brand) values (576, ' Magentis', 22);
insert into Model (id, name, id_Brand) values (577, ' Opirus', 22);
insert into Model (id, name, id_Brand) values (578, ' Optima', 22);
insert into Model (id, name, id_Brand) values (579, ' Picanto', 22);
insert into Model (id, name, id_Brand) values (580, ' Pregio', 22);
insert into Model (id, name, id_Brand) values (581, ' Pride', 22);
insert into Model (id, name, id_Brand) values (582, ' Pro Cee`d', 22);
insert into Model (id, name, id_Brand) values (583, ' Rio', 22);
insert into Model (id, name, id_Brand) values (584, ' Rio Combi', 22);
insert into Model (id, name, id_Brand) values (585, ' Rio sedan', 22);
insert into Model (id, name, id_Brand) values (586, ' Sephia', 22);
insert into Model (id, name, id_Brand) values (587, ' Shuma', 22);
insert into Model (id, name, id_Brand) values (588, ' Sorento', 22);
insert into Model (id, name, id_Brand) values (589, ' Soul', 22);
insert into Model (id, name, id_Brand) values (590, ' Sportage', 22);
insert into Model (id, name, id_Brand) values (591, ' Venga', 22);
insert into Model (id, name, id_Brand) values (592, ' 109', 23);
insert into Model (id, name, id_Brand) values (593, ' Defender', 23);
insert into Model (id, name, id_Brand) values (594, ' Discovery', 23);
insert into Model (id, name, id_Brand) values (595, ' Discovery Sport', 23);
insert into Model (id, name, id_Brand) values (596, ' Freelander', 23);
insert into Model (id, name, id_Brand) values (597, ' Range Rover', 23);
insert into Model (id, name, id_Brand) values (598, ' Range Rover Evoque', 23);
insert into Model (id, name, id_Brand) values (599, ' Range Rover Sport', 23);
insert into Model (id, name, id_Brand) values (600, ' Avenger', 24);
insert into Model (id, name, id_Brand) values (601, ' Caliber', 24);
insert into Model (id, name, id_Brand) values (602, ' Challenger', 24);
insert into Model (id, name, id_Brand) values (603, ' Charger', 24);
insert into Model (id, name, id_Brand) values (604, ' Grand Caravan', 24);
insert into Model (id, name, id_Brand) values (605, ' Journey', 24);
insert into Model (id, name, id_Brand) values (606, ' Magnum', 24);
insert into Model (id, name, id_Brand) values (607, ' Nitro', 24);
insert into Model (id, name, id_Brand) values (608, ' RAM', 24);
insert into Model (id, name, id_Brand) values (609, ' Stealth', 24);
insert into Model (id, name, id_Brand) values (610, ' Viper', 24);
insert into Model (id, name, id_Brand) values (611, ' 300 C', 25);
insert into Model (id, name, id_Brand) values (612, ' 300 C Touring', 25);
insert into Model (id, name, id_Brand) values (613, ' 300 M', 25);
insert into Model (id, name, id_Brand) values (614, ' Crossfire', 25);
insert into Model (id, name, id_Brand) values (615, ' Grand Voyager', 25);
insert into Model (id, name, id_Brand) values (616, ' LHS', 25);
insert into Model (id, name, id_Brand) values (617, ' Neon', 25);
insert into Model (id, name, id_Brand) values (618, ' Pacifica', 25);
insert into Model (id, name, id_Brand) values (619, ' Plymouth', 25);
insert into Model (id, name, id_Brand) values (620, ' PT Cruiser', 25);
insert into Model (id, name, id_Brand) values (621, ' Sebring', 25);
insert into Model (id, name, id_Brand) values (622, ' Sebring Convertible', 25);
insert into Model (id, name, id_Brand) values (623, ' Stratus', 25);
insert into Model (id, name, id_Brand) values (624, ' Stratus Cabrio', 25);
insert into Model (id, name, id_Brand) values (625, ' Town & Country', 25);
insert into Model (id, name, id_Brand) values (626, ' Voyager', 25);
insert into Model (id, name, id_Brand) values (627, ' Aerostar', 26);
insert into Model (id, name, id_Brand) values (628, ' B-Max', 26);
insert into Model (id, name, id_Brand) values (629, ' C-Max', 26);
insert into Model (id, name, id_Brand) values (630, ' Cortina', 26);
insert into Model (id, name, id_Brand) values (631, ' Cougar', 26);
insert into Model (id, name, id_Brand) values (632, ' Edge', 26);
insert into Model (id, name, id_Brand) values (633, ' Escort', 26);
insert into Model (id, name, id_Brand) values (634, ' Escort Cabrio', 26);
insert into Model (id, name, id_Brand) values (635, ' Escort kombi', 26);
insert into Model (id, name, id_Brand) values (636, ' Explorer', 26);
insert into Model (id, name, id_Brand) values (637, ' F-150', 26);
insert into Model (id, name, id_Brand) values (638, ' F-250', 26);
insert into Model (id, name, id_Brand) values (639, ' Fiesta', 26);
insert into Model (id, name, id_Brand) values (640, ' Focus', 26);
insert into Model (id, name, id_Brand) values (641, ' Focus C-Max', 26);
insert into Model (id, name, id_Brand) values (642, ' Focus CC', 26);
insert into Model (id, name, id_Brand) values (643, ' Focus kombi', 26);
insert into Model (id, name, id_Brand) values (644, ' Fusion', 26);
insert into Model (id, name, id_Brand) values (645, ' Galaxy', 26);
insert into Model (id, name, id_Brand) values (646, ' Grand C-Max', 26);
insert into Model (id, name, id_Brand) values (647, ' Ka', 26);
insert into Model (id, name, id_Brand) values (648, ' Kuga', 26);
insert into Model (id, name, id_Brand) values (649, ' Maverick', 26);
insert into Model (id, name, id_Brand) values (650, ' Mondeo', 26);
insert into Model (id, name, id_Brand) values (651, ' Mondeo Combi', 26);
insert into Model (id, name, id_Brand) values (652, ' Mustang', 26);
insert into Model (id, name, id_Brand) values (653, ' Orion', 26);
insert into Model (id, name, id_Brand) values (654, ' Puma', 26);
insert into Model (id, name, id_Brand) values (655, ' Ranger', 26);
insert into Model (id, name, id_Brand) values (656, ' S-Max', 26);
insert into Model (id, name, id_Brand) values (657, ' Sierra', 26);
insert into Model (id, name, id_Brand) values (658, ' Street Ka', 26);
insert into Model (id, name, id_Brand) values (659, ' Tourneo Connect', 26);
insert into Model (id, name, id_Brand) values (660, ' Tourneo Custom', 26);
insert into Model (id, name, id_Brand) values (661, ' Transit', 26);
insert into Model (id, name, id_Brand) values (662, ' Transit', 26);
insert into Model (id, name, id_Brand) values (663, ' Transit Bus', 26);
insert into Model (id, name, id_Brand) values (664, ' Transit Connect LWB', 26);
insert into Model (id, name, id_Brand) values (665, ' Transit Courier', 26);
insert into Model (id, name, id_Brand) values (666, ' Transit Custom', 26);
insert into Model (id, name, id_Brand) values (667, ' Transit kombi', 26);
insert into Model (id, name, id_Brand) values (668, ' Transit Tourneo', 26);
insert into Model (id, name, id_Brand) values (669, ' Transit Valnik', 26);
insert into Model (id, name, id_Brand) values (670, ' Transit Van', 26);
insert into Model (id, name, id_Brand) values (671, ' Transit Van 350', 26);
insert into Model (id, name, id_Brand) values (672, ' Windstar', 26);
insert into Model (id, name, id_Brand) values (673, ' H2', 27);
insert into Model (id, name, id_Brand) values (674, ' H3', 27);
insert into Model (id, name, id_Brand) values (675, ' Accent', 28);
insert into Model (id, name, id_Brand) values (676, ' Atos', 28);
insert into Model (id, name, id_Brand) values (677, ' Atos Prime', 28);
insert into Model (id, name, id_Brand) values (678, ' Coupé', 28);
insert into Model (id, name, id_Brand) values (679, ' Elantra', 28);
insert into Model (id, name, id_Brand) values (680, ' Galloper', 28);
insert into Model (id, name, id_Brand) values (681, ' Genesis', 28);
insert into Model (id, name, id_Brand) values (682, ' Getz', 28);
insert into Model (id, name, id_Brand) values (683, ' Grandeur', 28);
insert into Model (id, name, id_Brand) values (684, ' H 350', 28);
insert into Model (id, name, id_Brand) values (685, ' H1', 28);
insert into Model (id, name, id_Brand) values (686, ' H1 Bus', 28);
insert into Model (id, name, id_Brand) values (687, ' H1 Van', 28);
insert into Model (id, name, id_Brand) values (688, ' H200', 28);
insert into Model (id, name, id_Brand) values (689, ' i10', 28);
insert into Model (id, name, id_Brand) values (690, ' i20', 28);
insert into Model (id, name, id_Brand) values (691, ' i30', 28);
insert into Model (id, name, id_Brand) values (692, ' i30 CW', 28);
insert into Model (id, name, id_Brand) values (693, ' i40', 28);
insert into Model (id, name, id_Brand) values (694, ' i40 CW', 28);
insert into Model (id, name, id_Brand) values (695, ' ix20', 28);
insert into Model (id, name, id_Brand) values (696, ' ix35', 28);
insert into Model (id, name, id_Brand) values (697, ' ix55', 28);
insert into Model (id, name, id_Brand) values (698, ' Lantra', 28);
insert into Model (id, name, id_Brand) values (699, ' Matrix', 28);
insert into Model (id, name, id_Brand) values (700, ' Santa Fe', 28);
insert into Model (id, name, id_Brand) values (701, ' Sonata', 28);
insert into Model (id, name, id_Brand) values (702, ' Terracan', 28);
insert into Model (id, name, id_Brand) values (703, ' Trajet', 28);
insert into Model (id, name, id_Brand) values (704, ' Tucson', 28);
insert into Model (id, name, id_Brand) values (705, ' Veloster', 28);
insert into Model (id, name, id_Brand) values (706, ' EX', 29);
insert into Model (id, name, id_Brand) values (707, ' FX', 29);
insert into Model (id, name, id_Brand) values (708, ' G', 29);
insert into Model (id, name, id_Brand) values (709, ' G Coupé', 29);
insert into Model (id, name, id_Brand) values (710, ' M', 29);
insert into Model (id, name, id_Brand) values (711, ' Q', 29);
insert into Model (id, name, id_Brand) values (712, ' QX', 29);
insert into Model (id, name, id_Brand) values (713, ' Daimler', 30);
insert into Model (id, name, id_Brand) values (714, ' F-Pace', 30);
insert into Model (id, name, id_Brand) values (715, ' F-Type', 30);
insert into Model (id, name, id_Brand) values (716, ' S-Type', 30);
insert into Model (id, name, id_Brand) values (717, ' Sovereign', 30);
insert into Model (id, name, id_Brand) values (718, ' X-Type', 30);
insert into Model (id, name, id_Brand) values (719, ' X-type Estate', 30);
insert into Model (id, name, id_Brand) values (720, ' XE', 30);
insert into Model (id, name, id_Brand) values (721, ' XF', 30);
insert into Model (id, name, id_Brand) values (722, ' XJ', 30);
insert into Model (id, name, id_Brand) values (723, ' XJ12', 30);
insert into Model (id, name, id_Brand) values (724, ' XJ6', 30);
insert into Model (id, name, id_Brand) values (725, ' XJ8', 30);
insert into Model (id, name, id_Brand) values (726, ' XJ8', 30);
insert into Model (id, name, id_Brand) values (727, ' XJR', 30);
insert into Model (id, name, id_Brand) values (728, ' XK', 30);
insert into Model (id, name, id_Brand) values (729, ' XK8 Convertible', 30);
insert into Model (id, name, id_Brand) values (730, ' XKR', 30);
insert into Model (id, name, id_Brand) values (731, ' XKR Convertible', 30);
insert into Model (id, name, id_Brand) values (732, ' Cherokee', 31);
insert into Model (id, name, id_Brand) values (733, ' Commander', 31);
insert into Model (id, name, id_Brand) values (734, ' Compass', 31);
insert into Model (id, name, id_Brand) values (735, ' Grand Cherokee', 31);
insert into Model (id, name, id_Brand) values (736, ' Patriot', 31);
insert into Model (id, name, id_Brand) values (737, ' Renegade', 31);
insert into Model (id, name, id_Brand) values (738, ' Wrangler', 31);
insert into Model (id, name, id_Brand) values (739, ' 100 NX', 32);
insert into Model (id, name, id_Brand) values (740, ' 200 SX', 32);
insert into Model (id, name, id_Brand) values (741, ' 350 Z', 32);
insert into Model (id, name, id_Brand) values (742, ' 350 Z Roadster', 32);
insert into Model (id, name, id_Brand) values (743, ' 370 Z', 32);
insert into Model (id, name, id_Brand) values (744, ' Almera', 32);
insert into Model (id, name, id_Brand) values (745, ' Almera Tino', 32);
insert into Model (id, name, id_Brand) values (746, ' Cabstar E - T', 32);
insert into Model (id, name, id_Brand) values (747, ' Cabstar TL2 Valnik', 32);
insert into Model (id, name, id_Brand) values (748, ' e-NV200', 32);
insert into Model (id, name, id_Brand) values (749, ' GT-R', 32);
insert into Model (id, name, id_Brand) values (750, ' Insterstar', 32);
insert into Model (id, name, id_Brand) values (751, ' Juke', 32);
insert into Model (id, name, id_Brand) values (752, ' King Cab', 32);
insert into Model (id, name, id_Brand) values (753, ' Leaf', 32);
insert into Model (id, name, id_Brand) values (754, ' Maxima', 32);
insert into Model (id, name, id_Brand) values (755, ' Maxima QX', 32);
insert into Model (id, name, id_Brand) values (756, ' Micra', 32);
insert into Model (id, name, id_Brand) values (757, ' Murano', 32);
insert into Model (id, name, id_Brand) values (758, ' Navara', 32);
insert into Model (id, name, id_Brand) values (759, ' Note', 32);
insert into Model (id, name, id_Brand) values (760, ' NP300 Pickup', 32);
insert into Model (id, name, id_Brand) values (761, ' NV200', 32);
insert into Model (id, name, id_Brand) values (762, ' NV400', 32);
insert into Model (id, name, id_Brand) values (763, ' Pathfinder', 32);
insert into Model (id, name, id_Brand) values (764, ' Patrol', 32);
insert into Model (id, name, id_Brand) values (765, ' Patrol GR', 32);
insert into Model (id, name, id_Brand) values (766, ' Pickup', 32);
insert into Model (id, name, id_Brand) values (767, ' Pixo', 32);
insert into Model (id, name, id_Brand) values (768, ' Primastar', 32);
insert into Model (id, name, id_Brand) values (769, ' Primastar Combi', 32);
insert into Model (id, name, id_Brand) values (770, ' Primera', 32);
insert into Model (id, name, id_Brand) values (771, ' Primera Combi', 32);
insert into Model (id, name, id_Brand) values (772, ' Pulsar', 32);
insert into Model (id, name, id_Brand) values (773, ' Qashqai', 32);
insert into Model (id, name, id_Brand) values (774, ' Serena', 32);
insert into Model (id, name, id_Brand) values (775, ' Sunny', 32);
insert into Model (id, name, id_Brand) values (776, ' Terrano', 32);
insert into Model (id, name, id_Brand) values (777, ' Tiida', 32);
insert into Model (id, name, id_Brand) values (778, ' Trade', 32);
insert into Model (id, name, id_Brand) values (779, ' Vanette Cargo', 32);
insert into Model (id, name, id_Brand) values (780, ' X-Trail', 32);
insert into Model (id, name, id_Brand) values (781, ' 240', 33);
insert into Model (id, name, id_Brand) values (782, ' 340', 33);
insert into Model (id, name, id_Brand) values (783, ' 360', 33);
insert into Model (id, name, id_Brand) values (784, ' 460', 33);
insert into Model (id, name, id_Brand) values (785, ' 850', 33);
insert into Model (id, name, id_Brand) values (786, ' 850 kombi', 33);
insert into Model (id, name, id_Brand) values (787, ' C30', 33);
insert into Model (id, name, id_Brand) values (788, ' C70', 33);
insert into Model (id, name, id_Brand) values (789, ' C70 Cabrio', 33);
insert into Model (id, name, id_Brand) values (790, ' C70 Coupé', 33);
insert into Model (id, name, id_Brand) values (791, ' S40', 33);
insert into Model (id, name, id_Brand) values (792, ' S60', 33);
insert into Model (id, name, id_Brand) values (793, ' S70', 33);
insert into Model (id, name, id_Brand) values (794, ' S80', 33);
insert into Model (id, name, id_Brand) values (795, ' S90', 33);
insert into Model (id, name, id_Brand) values (796, ' V40', 33);
insert into Model (id, name, id_Brand) values (797, ' V50', 33);
insert into Model (id, name, id_Brand) values (798, ' V60', 33);
insert into Model (id, name, id_Brand) values (799, ' V70', 33);
insert into Model (id, name, id_Brand) values (800, ' V90', 33);
insert into Model (id, name, id_Brand) values (801, ' XC60', 33);
insert into Model (id, name, id_Brand) values (802, ' XC70', 33);
insert into Model (id, name, id_Brand) values (803, ' XC90', 33);
insert into Model (id, name, id_Brand) values (804, ' Espero', 34);
insert into Model (id, name, id_Brand) values (805, ' Kalos', 34);
insert into Model (id, name, id_Brand) values (806, ' Lacetti', 34);
insert into Model (id, name, id_Brand) values (807, ' Lanos', 34);
insert into Model (id, name, id_Brand) values (808, ' Leganza', 34);
insert into Model (id, name, id_Brand) values (809, ' Lublin', 34);
insert into Model (id, name, id_Brand) values (810, ' Matiz', 34);
insert into Model (id, name, id_Brand) values (811, ' Nexia', 34);
insert into Model (id, name, id_Brand) values (812, ' Nubira', 34);
insert into Model (id, name, id_Brand) values (813, ' Nubira kombi', 34);
insert into Model (id, name, id_Brand) values (814, ' Racer', 34);
insert into Model (id, name, id_Brand) values (815, ' Tacuma', 34);
insert into Model (id, name, id_Brand) values (816, ' Tico', 34);
insert into Model (id, name, id_Brand) values (817, ' 1100', 35);
insert into Model (id, name, id_Brand) values (818, ' 126', 35);
insert into Model (id, name, id_Brand) values (819, ' 500', 35);
insert into Model (id, name, id_Brand) values (820, ' 500L', 35);
insert into Model (id, name, id_Brand) values (821, ' 500X', 35);
insert into Model (id, name, id_Brand) values (822, ' 850', 35);
insert into Model (id, name, id_Brand) values (823, ' Barchetta', 35);
insert into Model (id, name, id_Brand) values (824, ' Brava', 35);
insert into Model (id, name, id_Brand) values (825, ' Cinquecento', 35);
insert into Model (id, name, id_Brand) values (826, ' Coupé', 35);
insert into Model (id, name, id_Brand) values (827, ' Croma', 35);
insert into Model (id, name, id_Brand) values (828, ' Doblo', 35);
insert into Model (id, name, id_Brand) values (829, ' Doblo Cargo', 35);
insert into Model (id, name, id_Brand) values (830, ' Doblo Cargo Combi', 35);
insert into Model (id, name, id_Brand) values (831, ' Ducato', 35);
insert into Model (id, name, id_Brand) values (832, ' Ducato Van', 35);
insert into Model (id, name, id_Brand) values (833, ' Ducato Kombi', 35);
insert into Model (id, name, id_Brand) values (834, ' Ducato Podvozok', 35);
insert into Model (id, name, id_Brand) values (835, ' Florino', 35);
insert into Model (id, name, id_Brand) values (836, ' Florino Combi', 35);
insert into Model (id, name, id_Brand) values (837, ' Freemont', 35);
insert into Model (id, name, id_Brand) values (838, ' Grande Punto', 35);
insert into Model (id, name, id_Brand) values (839, ' Idea', 35);
insert into Model (id, name, id_Brand) values (840, ' Linea', 35);
insert into Model (id, name, id_Brand) values (841, ' Marea', 35);
insert into Model (id, name, id_Brand) values (842, ' Marea Weekend', 35);
insert into Model (id, name, id_Brand) values (843, ' Multipla', 35);
insert into Model (id, name, id_Brand) values (844, ' Palio Weekend', 35);
insert into Model (id, name, id_Brand) values (845, ' Panda', 35);
insert into Model (id, name, id_Brand) values (846, ' Panda Van', 35);
insert into Model (id, name, id_Brand) values (847, ' Punto', 35);
insert into Model (id, name, id_Brand) values (848, ' Punto Cabriolet', 35);
insert into Model (id, name, id_Brand) values (849, ' Punto Evo', 35);
insert into Model (id, name, id_Brand) values (850, ' Punto Van', 35);
insert into Model (id, name, id_Brand) values (851, ' Qubo', 35);
insert into Model (id, name, id_Brand) values (852, ' Scudo', 35);
insert into Model (id, name, id_Brand) values (853, ' Scudo Van', 35);
insert into Model (id, name, id_Brand) values (854, ' Scudo Kombi', 35);
insert into Model (id, name, id_Brand) values (855, ' Sedici', 35);
insert into Model (id, name, id_Brand) values (856, ' Seicento', 35);
insert into Model (id, name, id_Brand) values (857, ' Stilo', 35);
insert into Model (id, name, id_Brand) values (858, ' Stilo Multiwagon', 35);
insert into Model (id, name, id_Brand) values (859, ' Strada', 35);
insert into Model (id, name, id_Brand) values (860, ' Talento', 35);
insert into Model (id, name, id_Brand) values (861, ' Tipo', 35);
insert into Model (id, name, id_Brand) values (862, ' Ulysse', 35);
insert into Model (id, name, id_Brand) values (863, ' Uno', 35);
insert into Model (id, name, id_Brand) values (864, ' X1/9', 35);
insert into Model (id, name, id_Brand) values (865, ' Cooper', 36);
insert into Model (id, name, id_Brand) values (866, ' Cooper Cabrio', 36);
insert into Model (id, name, id_Brand) values (867, ' Cooper Clubman', 36);
insert into Model (id, name, id_Brand) values (868, ' Cooper D', 36);
insert into Model (id, name, id_Brand) values (869, ' Cooper D Clubman', 36);
insert into Model (id, name, id_Brand) values (870, ' Cooper S', 36);
insert into Model (id, name, id_Brand) values (871, ' Cooper S Cabrio', 36);
insert into Model (id, name, id_Brand) values (872, ' Cooper S Clubman', 36);
insert into Model (id, name, id_Brand) values (873, ' Countryman', 36);
insert into Model (id, name, id_Brand) values (874, ' Mini One', 36);
insert into Model (id, name, id_Brand) values (875, ' One D', 36);
insert into Model (id, name, id_Brand) values (876, ' 200', 37);
insert into Model (id, name, id_Brand) values (877, ' 214', 37);
insert into Model (id, name, id_Brand) values (878, ' 218', 37);
insert into Model (id, name, id_Brand) values (879, ' 25', 37);
insert into Model (id, name, id_Brand) values (880, ' 400', 37);
insert into Model (id, name, id_Brand) values (881, ' 414', 37);
insert into Model (id, name, id_Brand) values (882, ' 416', 37);
insert into Model (id, name, id_Brand) values (883, ' 620', 37);
insert into Model (id, name, id_Brand) values (884, ' 75', 37);
insert into Model (id, name, id_Brand) values (885, ' Cabrio', 38);
insert into Model (id, name, id_Brand) values (886, ' City-Coupé', 38);
insert into Model (id, name, id_Brand) values (887, ' Compact Pulse', 38);
insert into Model (id, name, id_Brand) values (888, ' Forfour', 38);
insert into Model (id, name, id_Brand) values (889, ' Fortwo cabrio', 38);
insert into Model (id, name, id_Brand) values (890, ' Fortwo coupé', 38);
insert into Model (id, name, id_Brand) values (891, ' Roadster', 38);



insert into Auction (id, starting_bid, number_bids, start_date, creation_date, end_date, approved, description, views, duration, year, mileage, displacement, rating, vin, power, color, active, id_Member, id_Model, id_Category) values (1, 6094495, 6, '2022-12-18 03:51:33', '2022-04-21 10:35:41', '2023-01-15 11:29:49', false, 'Vivamus vestibulum sagittis sapien. Cum sociis natoque penatibus et magnis dis parturient montes, nascetur ridiculus mus.', 87, 58, 2012, 115489, 2009, 4, '2T3BFREV4FW581068', 935, 'Blue', false, '21', 93, 3);
insert into Auction (id, starting_bid, number_bids, start_date, creation_date, end_date, approved, description, views, duration, year, mileage, displacement, rating, vin, power, color, active, id_Member, id_Model, id_Category) values (2, 9254969, 40, '2022-11-08 02:54:50', '2022-04-15 21:28:03', '2023-01-26 04:15:27', false, 'Sed vel enim sit amet nunc viverra dapibus. Nulla suscipit ligula in lacus.', 69, 59, 1996, 68557, 3308, 3, '2C3CK6CT0AH410914', 406, 'Blue', true, '25', 464, 7);
insert into Auction (id, starting_bid, number_bids, start_date, creation_date, end_date, approved, description, views, duration, year, mileage, displacement, rating, vin, power, color, active, id_Member, id_Model, id_Category) values (3, 1948669, 11, '2022-11-22 07:47:16', '2022-04-19 20:10:04', '2023-01-19 21:06:03', false, 'Aliquam sit amet diam in magna bibendum imperdiet.', 44, 38, 1985, 86619, 3050, 2, '1J4PN2GK8BW832148', 824, 'Fuscia', true, '45', 247, 0);
insert into Auction (id, starting_bid, number_bids, start_date, creation_date, end_date, approved, description, views, duration, year, mileage, displacement, rating, vin, power, color, active, id_Member, id_Model, id_Category) values (4, 3831982, 39, '2022-12-10 21:12:46', '2022-04-06 17:57:57', '2023-01-12 04:51:36', false, 'Pellentesque viverra pede ac diam.', 27, 30, 1986, 179627, 4320, 2, 'JH4CW2H60DC917863', 187, 'Maroon', false, '12', 804, 7);
insert into Auction (id, starting_bid, number_bids, start_date, creation_date, end_date, approved, description, views, duration, year, mileage, displacement, rating, vin, power, color, active, id_Member, id_Model, id_Category) values (5, 6319197, 50, '2022-12-10 01:01:09', '2022-04-11 12:25:00', '2023-01-25 10:42:18', false, 'In hac habitasse platea dictumst.', 99, 83, 2001, 241817, 4945, 2, 'YV4902DZ0B2764284', 936, 'Maroon', false, '15', 703, 4);
insert into Auction (id, starting_bid, number_bids, start_date, creation_date, end_date, approved, description, views, duration, year, mileage, displacement, rating, vin, power, color, active, id_Member, id_Model, id_Category) values (6, 585781, 23, '2022-11-27 10:47:11', '2022-04-17 13:59:23', '2023-01-21 22:53:37', true, 'Proin at turpis a pede posuere nonummy.', 42, 21, 2013, 139608, 4327, 4, 'WVWAP7AN9EE988280', 480, 'Fuscia', true, '37', 581, 3);
insert into Auction (id, starting_bid, number_bids, start_date, creation_date, end_date, approved, description, views, duration, year, mileage, displacement, rating, vin, power, color, active, id_Member, id_Model, id_Category) values (7, 253867, 8, '2022-12-26 20:50:28', '2022-04-02 08:48:12', '2023-01-28 14:12:06', false, 'Sed vel enim sit amet nunc viverra dapibus.', 71, 61, 1995, 153178, 3722, 4, 'WAUFFAFM4BA381886', 240, 'Goldenrod', true, '26', 555, 0);
insert into Auction (id, starting_bid, number_bids, start_date, creation_date, end_date, approved, description, views, duration, year, mileage, displacement, rating, vin, power, color, active, id_Member, id_Model, id_Category) values (8, 575012, 35, '2022-11-06 06:18:29', '2022-04-04 19:01:31', '2023-01-18 07:10:49', true, 'Fusce lacus purus, aliquet at, feugiat non, pretium quis, lectus. Suspendisse potenti.', 37, 66, 1997, 66281, 2961, 2, 'WBAVA33597K166332', 60, 'Blue', false, '28', 496, 4);
insert into Auction (id, starting_bid, number_bids, start_date, creation_date, end_date, approved, description, views, duration, year, mileage, displacement, rating, vin, power, color, active, id_Member, id_Model, id_Category) values (9, 2498195, 29, '2022-12-05 08:02:58', '2022-04-13 00:36:02', '2023-01-21 12:26:03', true, 'In eleifend quam a odio.', 84, 14, 1986, 149595, 4499, 3, '2HNYD18653H662866', 660, 'Green', false, '10', 432, 6);
insert into Auction (id, starting_bid, number_bids, start_date, creation_date, end_date, approved, description, views, duration, year, mileage, displacement, rating, vin, power, color, active, id_Member, id_Model, id_Category) values (10, 2256692, 26, '2022-11-18 06:36:39', '2022-04-13 11:57:31', '2023-01-16 08:53:30', true, 'Donec semper sapien a libero.', 7, 47, 1984, 73405, 3645, 5, '5FRYD3H65FB154584', 58, 'Maroon', true, '48', 72, 2);
insert into Auction (id, starting_bid, number_bids, start_date, creation_date, end_date, approved, description, views, duration, year, mileage, displacement, rating, vin, power, color, active, id_Member, id_Model, id_Category) values (11, 9655656, 24, '2022-12-11 21:33:49', '2022-04-20 16:29:40', '2023-01-03 05:49:19', true, 'Etiam vel augue. Vestibulum rutrum rutrum neque.', 4, 100, 2005, 131442, 1738, 3, 'JA32U2FU3DU133304', 407, 'Fuscia', true, '40', 657, 2);
insert into Auction (id, starting_bid, number_bids, start_date, creation_date, end_date, approved, description, views, duration, year, mileage, displacement, rating, vin, power, color, active, id_Member, id_Model, id_Category) values (12, 8020774, 6, '2022-12-08 16:13:17', '2022-04-21 03:40:18', '2023-01-23 08:12:59', true, 'Quisque arcu libero, rutrum ac, lobortis vel, dapibus at, diam.', 77, 55, 2000, 169520, 2189, 4, 'JTHBF1D28F5543518', 343, 'Pink', true, '5', 295, 6);
insert into Auction (id, starting_bid, number_bids, start_date, creation_date, end_date, approved, description, views, duration, year, mileage, displacement, rating, vin, power, color, active, id_Member, id_Model, id_Category) values (13, 4144321, 49, '2022-11-14 09:18:37', '2022-04-13 19:56:39', '2023-01-18 22:59:15', true, 'Morbi non lectus.', 1, 6, 2009, 30759, 1471, 2, '4T1BK1EBXFU938717', 661, 'Pink', false, '16', 482, 3);
insert into Auction (id, starting_bid, number_bids, start_date, creation_date, end_date, approved, description, views, duration, year, mileage, displacement, rating, vin, power, color, active, id_Member, id_Model, id_Category) values (14, 6219478, 30, '2022-11-30 11:08:26', '2022-04-27 05:43:21', '2023-01-23 16:45:10', true, 'Donec posuere metus vitae ipsum. Aliquam non mauris.', 5, 100, 2007, 62862, 2992, 1, 'SALWR2TF0FA203302', 304, 'Violet', true, '29', 652, 5);
insert into Auction (id, starting_bid, number_bids, start_date, creation_date, end_date, approved, description, views, duration, year, mileage, displacement, rating, vin, power, color, active, id_Member, id_Model, id_Category) values (15, 7176507, 27, '2022-12-30 12:59:59', '2022-04-21 17:10:43', '2023-01-09 04:39:09', false, 'Suspendisse ornare consequat lectus.', 24, 7, 2004, 189240, 2602, 3, '2C3CDYCJ6DH826829', 759, 'Purple', true, '44', 421, 5);
insert into Auction (id, starting_bid, number_bids, start_date, creation_date, end_date, approved, description, views, duration, year, mileage, displacement, rating, vin, power, color, active, id_Member, id_Model, id_Category) values (16, 4644862, 17, '2022-12-13 15:59:22', '2022-04-27 18:54:38', '2023-01-25 02:10:42', true, 'In tempor, turpis nec euismod scelerisque, quam turpis adipiscing lorem, vitae mattis nibh ligula nec sem.', 75, 36, 1967, 235355, 3106, 5, 'SALFR2BN1CH381022', 537, 'Violet', true, '47', 64, 6);
insert into Auction (id, starting_bid, number_bids, start_date, creation_date, end_date, approved, description, views, duration, year, mileage, displacement, rating, vin, power, color, active, id_Member, id_Model, id_Category) values (17, 4037853, 13, '2022-12-24 03:41:34', '2022-04-15 19:33:50', '2023-01-14 13:33:11', false, 'Nulla ut erat id mauris vulputate elementum. Nullam varius.', 47, 24, 2006, 20399, 2318, 5, 'WBA3B5C50EP003407', 385, 'Pink', true, '49', 60, 2);
insert into Auction (id, starting_bid, number_bids, start_date, creation_date, end_date, approved, description, views, duration, year, mileage, displacement, rating, vin, power, color, active, id_Member, id_Model, id_Category) values (18, 1405782, 36, '2022-11-26 13:46:25', '2022-04-01 13:43:37', '2023-01-09 17:38:22', true, 'Aenean fermentum.', 82, 95, 2003, 213659, 4344, 2, 'WAUKG98E36A184018', 877, 'Pink', false, '50', 436, 6);
insert into Auction (id, starting_bid, number_bids, start_date, creation_date, end_date, approved, description, views, duration, year, mileage, displacement, rating, vin, power, color, active, id_Member, id_Model, id_Category) values (19, 4617150, 45, '2022-12-21 17:20:38', '2022-04-01 15:47:58', '2023-01-27 06:47:30', true, 'Donec diam neque, vestibulum eget, vulputate ut, ultrices vel, augue.', 91, 33, 1987, 217551, 4473, 2, 'WP1AA2A27DL674952', 644, 'Indigo', true, '46', 277, 4);
insert into Auction (id, starting_bid, number_bids, start_date, creation_date, end_date, approved, description, views, duration, year, mileage, displacement, rating, vin, power, color, active, id_Member, id_Model, id_Category) values (20, 7782687, 6, '2022-12-27 18:27:36', '2022-04-16 10:33:10', '2023-01-04 19:30:08', false, 'Integer pede justo, lacinia eget, tincidunt eget, tempus vel, pede.', 90, 98, 1990, 20130, 1801, 1, 'WA1VKBFP4AA817204', 991, 'Red', true, '36', 748, 1);
insert into Auction (id, starting_bid, number_bids, start_date, creation_date, end_date, approved, description, views, duration, year, mileage, displacement, rating, vin, power, color, active, id_Member, id_Model, id_Category) values (21, 6309916, 18, '2022-12-25 14:38:15', '2022-04-27 08:11:54', '2023-01-06 22:25:20', true, 'Proin leo odio, porttitor id, consequat in, consequat ut, nulla. Sed accumsan felis.', 80, 20, 2003, 188415, 4541, 2, '5TDBM5G14BS810255', 902, 'Khaki', true, '11', 844, 1);
insert into Auction (id, starting_bid, number_bids, start_date, creation_date, end_date, approved, description, views, duration, year, mileage, displacement, rating, vin, power, color, active, id_Member, id_Model, id_Category) values (22, 3875026, 32, '2022-11-02 18:51:43', '2022-04-18 06:06:20', '2023-01-11 19:03:36', true, 'Curabitur at ipsum ac tellus semper interdum. Mauris ullamcorper purus sit amet nulla.', 78, 15, 2009, 207305, 1210, 2, '2LMHJ5AT9FB163288', 916, 'Fuscia', true, '41', 355, 3);
insert into Auction (id, starting_bid, number_bids, start_date, creation_date, end_date, approved, description, views, duration, year, mileage, displacement, rating, vin, power, color, active, id_Member, id_Model, id_Category) values (23, 5855483, 20, '2022-11-12 03:04:06', '2022-04-07 23:31:14', '2023-01-19 02:28:28', false, 'Aliquam sit amet diam in magna bibendum imperdiet.', 8, 74, 1994, 66547, 3099, 1, 'WBAEA53518C643441', 703, 'Turquoise', false, '7', 704, 7);
insert into Auction (id, starting_bid, number_bids, start_date, creation_date, end_date, approved, description, views, duration, year, mileage, displacement, rating, vin, power, color, active, id_Member, id_Model, id_Category) values (24, 5886357, 49, '2022-11-19 03:09:40', '2022-04-28 14:06:48', '2023-01-06 12:08:17', false, 'Nullam molestie nibh in lectus.', 52, 27, 2009, 25102, 3758, 3, 'WP0AA2A98DS940339', 329, 'Orange', false, '27', 461, 5);
insert into Auction (id, starting_bid, number_bids, start_date, creation_date, end_date, approved, description, views, duration, year, mileage, displacement, rating, vin, power, color, active, id_Member, id_Model, id_Category) values (25, 6000766, 21, '2022-11-02 20:02:06', '2022-04-10 19:16:51', '2023-01-07 14:28:55', true, 'Donec posuere metus vitae ipsum. Aliquam non mauris.', 50, 31, 2003, 206926, 2448, 3, 'WAURD68D61A737332', 270, 'Aquamarine', false, '43', 532, 3);



insert into Comment (id, post_date, content, likes, id_Auction, id_Member) values (1, '2022-12-17 19:16:55', 'Duis consequat dui nec nisi volutpat eleifend. Donec ut dolor. Morbi vel lectus in quam fringilla rhoncus.

Mauris enim leo, rhoncus sed, vestibulum sit amet, cursus id, turpis. Integer aliquet, massa id lobortis convallis, tortor risus dapibus augue, vel accumsan tellus nisi eu orci. Mauris lacinia sapien quis libero.

Nullam sit amet turpis elementum ligula vehicula consequat. Morbi a ipsum. Integer a nibh.', 25, '2', '29');
insert into Comment (id, post_date, content, likes, id_Auction, id_Member) values (2, '2022-12-29 06:14:17', 'Proin interdum mauris non ligula pellentesque ultrices. Phasellus id sapien in sapien iaculis congue. Vivamus metus arcu, adipiscing molestie, hendrerit at, vulputate vitae, nisl.

Aenean lectus. Pellentesque eget nunc. Donec quis orci eget orci vehicula condimentum.', 8, '1', '3');
insert into Comment (id, post_date, content, likes, id_Auction, id_Member) values (3, '2022-12-11 03:28:06', 'Proin eu mi. Nulla ac enim. In tempor, turpis nec euismod scelerisque, quam turpis adipiscing lorem, vitae mattis nibh ligula nec sem.

Duis aliquam convallis nunc. Proin at turpis a pede posuere nonummy. Integer non velit.', 21, '21', '31');
insert into Comment (id, post_date, content, likes, id_Auction, id_Member) values (4, '2022-12-08 17:07:11', 'Integer ac leo. Pellentesque ultrices mattis odio. Donec vitae nisi.', 5, '16', '15');
insert into Comment (id, post_date, content, likes, id_Auction, id_Member) values (5, '2022-12-21 18:08:45', 'Sed sagittis. Nam congue, risus semper porta volutpat, quam pede lobortis ligula, sit amet eleifend pede libero quis orci. Nullam molestie nibh in lectus.

Pellentesque at nulla. Suspendisse potenti. Cras in purus eu magna vulputate luctus.

Cum sociis natoque penatibus et magnis dis parturient montes, nascetur ridiculus mus. Vivamus vestibulum sagittis sapien. Cum sociis natoque penatibus et magnis dis parturient montes, nascetur ridiculus mus.', 29, '12', '12');
insert into Comment (id, post_date, content, likes, id_Auction, id_Member) values (6, '2022-12-30 07:53:27', 'Curabitur gravida nisi at nibh. In hac habitasse platea dictumst. Aliquam augue quam, sollicitudin vitae, consectetuer eget, rutrum at, lorem.', 24, '18', '25');
insert into Comment (id, post_date, content, likes, id_Auction, id_Member) values (7, '2022-12-02 09:05:37', 'Cras mi pede, malesuada in, imperdiet et, commodo vulputate, justo. In blandit ultrices enim. Lorem ipsum dolor sit amet, consectetuer adipiscing elit.

Proin interdum mauris non ligula pellentesque ultrices. Phasellus id sapien in sapien iaculis congue. Vivamus metus arcu, adipiscing molestie, hendrerit at, vulputate vitae, nisl.', 8, '4', '49');
insert into Comment (id, post_date, content, likes, id_Auction, id_Member) values (8, '2022-12-05 16:30:55', 'Maecenas leo odio, condimentum id, luctus nec, molestie sed, justo. Pellentesque viverra pede ac diam. Cras pellentesque volutpat dui.

Maecenas tristique, est et tempus semper, est quam pharetra magna, ac consequat metus sapien ut nunc. Vestibulum ante ipsum primis in faucibus orci luctus et ultrices posuere cubilia Curae; Mauris viverra diam vitae quam. Suspendisse potenti.', 20, '11', '21');
insert into Comment (id, post_date, content, likes, id_Auction, id_Member) values (9, '2022-12-14 15:29:40', 'Morbi non lectus. Aliquam sit amet diam in magna bibendum imperdiet. Nullam orci pede, venenatis non, sodales sed, tincidunt eu, felis.

Fusce posuere felis sed lacus. Morbi sem mauris, laoreet ut, rhoncus aliquet, pulvinar sed, nisl. Nunc rhoncus dui vel sem.

Sed sagittis. Nam congue, risus semper porta volutpat, quam pede lobortis ligula, sit amet eleifend pede libero quis orci. Nullam molestie nibh in lectus.', 10, '13', '36');
insert into Comment (id, post_date, content, likes, id_Auction, id_Member) values (10, '2022-12-31 12:25:18', 'Aenean fermentum. Donec ut mauris eget massa tempor convallis. Nulla neque libero, convallis eget, eleifend luctus, ultricies eu, nibh.

Quisque id justo sit amet sapien dignissim vestibulum. Vestibulum ante ipsum primis in faucibus orci luctus et ultrices posuere cubilia Curae; Nulla dapibus dolor vel est. Donec odio justo, sollicitudin ut, suscipit a, feugiat et, eros.

Vestibulum ac est lacinia nisi venenatis tristique. Fusce congue, diam id ornare imperdiet, sapien urna pretium nisl, ut volutpat sapien arcu sed augue. Aliquam erat volutpat.', 35, '20', '37');
insert into Comment (id, post_date, content, likes, id_Auction, id_Member) values (11, '2022-12-04 01:05:47', 'Morbi porttitor lorem id ligula. Suspendisse ornare consequat lectus. In est risus, auctor sed, tristique in, tempus sit amet, sem.', 6, '23', '32');
insert into Comment (id, post_date, content, likes, id_Auction, id_Member) values (12, '2022-12-16 20:10:50', 'Sed sagittis. Nam congue, risus semper porta volutpat, quam pede lobortis ligula, sit amet eleifend pede libero quis orci. Nullam molestie nibh in lectus.

Pellentesque at nulla. Suspendisse potenti. Cras in purus eu magna vulputate luctus.

Cum sociis natoque penatibus et magnis dis parturient montes, nascetur ridiculus mus. Vivamus vestibulum sagittis sapien. Cum sociis natoque penatibus et magnis dis parturient montes, nascetur ridiculus mus.', 34, '9', '11');
insert into Comment (id, post_date, content, likes, id_Auction, id_Member) values (13, '2022-12-22 09:59:18', 'Maecenas ut massa quis augue luctus tincidunt. Nulla mollis molestie lorem. Quisque ut erat.', 34, '15', '38');
insert into Comment (id, post_date, content, likes, id_Auction, id_Member) values (14, '2022-12-18 20:06:14', 'Quisque id justo sit amet sapien dignissim vestibulum. Vestibulum ante ipsum primis in faucibus orci luctus et ultrices posuere cubilia Curae; Nulla dapibus dolor vel est. Donec odio justo, sollicitudin ut, suscipit a, feugiat et, eros.', 38, '24', '22');
insert into Comment (id, post_date, content, likes, id_Auction, id_Member) values (15, '2022-12-17 14:30:08', 'Morbi porttitor lorem id ligula. Suspendisse ornare consequat lectus. In est risus, auctor sed, tristique in, tempus sit amet, sem.

Fusce consequat. Nulla nisl. Nunc nisl.

Duis bibendum, felis sed interdum venenatis, turpis enim blandit mi, in porttitor pede justo eu massa. Donec dapibus. Duis at velit eu est congue elementum.', 0, '6', '1');
insert into Comment (id, post_date, content, likes, id_Auction, id_Member) values (16, '2022-12-26 14:21:30', 'Morbi porttitor lorem id ligula. Suspendisse ornare consequat lectus. In est risus, auctor sed, tristique in, tempus sit amet, sem.', 25, '3', '17');
insert into Comment (id, post_date, content, likes, id_Auction, id_Member) values (17, '2022-12-10 11:07:13', 'Morbi porttitor lorem id ligula. Suspendisse ornare consequat lectus. In est risus, auctor sed, tristique in, tempus sit amet, sem.

Fusce consequat. Nulla nisl. Nunc nisl.

Duis bibendum, felis sed interdum venenatis, turpis enim blandit mi, in porttitor pede justo eu massa. Donec dapibus. Duis at velit eu est congue elementum.', 7, '17', '8');
insert into Comment (id, post_date, content, likes, id_Auction, id_Member) values (18, '2022-12-04 05:35:20', 'Cum sociis natoque penatibus et magnis dis parturient montes, nascetur ridiculus mus. Vivamus vestibulum sagittis sapien. Cum sociis natoque penatibus et magnis dis parturient montes, nascetur ridiculus mus.

Etiam vel augue. Vestibulum rutrum rutrum neque. Aenean auctor gravida sem.

Praesent id massa id nisl venenatis lacinia. Aenean sit amet justo. Morbi ut odio.', 24, '7', '23');
insert into Comment (id, post_date, content, likes, id_Auction, id_Member) values (19, '2022-12-24 14:52:56', 'Duis aliquam convallis nunc. Proin at turpis a pede posuere nonummy. Integer non velit.

Donec diam neque, vestibulum eget, vulputate ut, ultrices vel, augue. Vestibulum ante ipsum primis in faucibus orci luctus et ultrices posuere cubilia Curae; Donec pharetra, magna vestibulum aliquet ultrices, erat tortor sollicitudin mi, sit amet lobortis sapien sapien non mi. Integer ac neque.', 17, '19', '47');
insert into Comment (id, post_date, content, likes, id_Auction, id_Member) values (20, '2022-12-16 23:22:15', 'Vestibulum quam sapien, varius ut, blandit non, interdum in, ante. Vestibulum ante ipsum primis in faucibus orci luctus et ultrices posuere cubilia Curae; Duis faucibus accumsan odio. Curabitur convallis.

Duis consequat dui nec nisi volutpat eleifend. Donec ut dolor. Morbi vel lectus in quam fringilla rhoncus.', 28, '10', '41');





insert into Bid (id, date, value, id_Member, id_Auction) values (1, '2022-12-04 19:56:35', 42644, '11', '20');
insert into Bid (id, date, value, id_Member, id_Auction) values (2, '2022-12-10 03:44:29', 61548, '45', '9');
insert into Bid (id, date, value, id_Member, id_Auction) values (3, '2022-12-17 19:01:45', 4592, '33', '3');
insert into Bid (id, date, value, id_Member, id_Auction) values (4, '2022-12-14 06:20:18', 39165, '1', '24');
insert into Bid (id, date, value, id_Member, id_Auction) values (5, '2022-12-12 18:16:25', 19932, '39', '4');
insert into Bid (id, date, value, id_Member, id_Auction) values (6, '2022-12-20 07:59:02', 11763, '49', '5');
insert into Bid (id, date, value, id_Member, id_Auction) values (7, '2022-12-30 22:01:53', 44301, '10', '2');
insert into Bid (id, date, value, id_Member, id_Auction) values (8, '2022-12-19 06:17:40', 74198, '7', '21');
insert into Bid (id, date, value, id_Member, id_Auction) values (9, '2022-12-16 13:33:14', 65672, '44', '23');
insert into Bid (id, date, value, id_Member, id_Auction) values (10, '2022-12-08 10:51:06', 55379, '41', '8');
insert into Bid (id, date, value, id_Member, id_Auction) values (11, '2022-12-24 03:49:00', 17484, '4', '15');
insert into Bid (id, date, value, id_Member, id_Auction) values (12, '2022-12-17 06:28:39', 63487, '42', '7');
insert into Bid (id, date, value, id_Member, id_Auction) values (13, '2022-12-23 05:29:11', 13952, '2', '22');
insert into Bid (id, date, value, id_Member, id_Auction) values (14, '2022-12-28 15:01:46', 62194, '24', '11');
insert into Bid (id, date, value, id_Member, id_Auction) values (15, '2022-12-10 23:07:24', 33285, '14', '18');
insert into Bid (id, date, value, id_Member, id_Auction) values (16, '2022-12-13 22:30:25', 10376, '19', '17');
insert into Bid (id, date, value, id_Member, id_Auction) values (17, '2022-12-18 02:37:51', 58968, '47', '6');
insert into Bid (id, date, value, id_Member, id_Auction) values (18, '2022-12-28 21:20:37', 26271, '9', '10');
insert into Bid (id, date, value, id_Member, id_Auction) values (19, '2022-12-01 04:27:33', 32380, '25', '12');
insert into Bid (id, date, value, id_Member, id_Auction) values (20, '2022-12-13 17:14:20', 25017, '30', '19');
insert into Bid (id, date, value, id_Member, id_Auction) values (21, '2022-12-13 18:04:29', 17772, '17', '13');
insert into Bid (id, date, value, id_Member, id_Auction) values (22, '2022-12-24 15:22:45', 37472, '3', '14');
insert into Bid (id, date, value, id_Member, id_Auction) values (23, '2022-12-03 07:54:18', 40327, '21', '1');
insert into Bid (id, date, value, id_Member, id_Auction) values (24, '2022-12-03 11:59:57', 74590, '12', '25');
insert into Bid (id, date, value, id_Member, id_Auction) values (25, '2022-12-07 07:50:42', 39061, '6', '16');
insert into Bid (id, date, value, id_Member, id_Auction) values (26, '2022-12-29 00:03:25', 8163, '15', '5');
insert into Bid (id, date, value, id_Member, id_Auction) values (27, '2022-12-27 11:30:05', 67215, '27', '4');
insert into Bid (id, date, value, id_Member, id_Auction) values (28, '2022-12-30 15:59:57', 52825, '43', '2');
insert into Bid (id, date, value, id_Member, id_Auction) values (29, '2022-12-08 12:42:54', 51493, '38', '6');
insert into Bid (id, date, value, id_Member, id_Auction) values (30, '2022-12-28 00:16:44', 53556, '18', '21');
insert into Bid (id, date, value, id_Member, id_Auction) values (31, '2022-12-17 01:16:37', 56920, '35', '11');
insert into Bid (id, date, value, id_Member, id_Auction) values (32, '2022-12-06 07:33:18', 59828, '29', '8');
insert into Bid (id, date, value, id_Member, id_Auction) values (33, '2022-12-27 01:36:13', 47099, '50', '12');
insert into Bid (id, date, value, id_Member, id_Auction) values (34, '2022-12-22 04:26:57', 69229, '48', '20');
insert into Bid (id, date, value, id_Member, id_Auction) values (35, '2022-12-28 15:38:14', 71057, '26', '25');
insert into Bid (id, date, value, id_Member, id_Auction) values (36, '2022-12-10 11:44:29', 43909, '8', '15');
insert into Bid (id, date, value, id_Member, id_Auction) values (37, '2022-12-09 07:21:05', 9743, '36', '22');
insert into Bid (id, date, value, id_Member, id_Auction) values (38, '2022-12-02 07:27:21', 7782, '11', '13');
insert into Bid (id, date, value, id_Member, id_Auction) values (39, '2022-12-21 07:52:07', 14138, '22', '14');
insert into Bid (id, date, value, id_Member, id_Auction) values (40, '2022-12-29 20:53:22', 27361, '40', '9');
insert into Bid (id, date, value, id_Member, id_Auction) values (41, '2022-12-02 17:27:01', 67496, '31', '23');
insert into Bid (id, date, value, id_Member, id_Auction) values (42, '2022-12-27 13:14:06', 68631, '5', '1');
insert into Bid (id, date, value, id_Member, id_Auction) values (43, '2022-12-03 06:45:37', 73123, '20', '3');
insert into Bid (id, date, value, id_Member, id_Auction) values (44, '2022-12-21 15:54:43', 21790, '46', '17');
insert into Bid (id, date, value, id_Member, id_Auction) values (45, '2022-12-14 20:15:22', 44668, '23', '10');
insert into Bid (id, date, value, id_Member, id_Auction) values (46, '2022-12-16 23:26:06', 17341, '34', '24');
insert into Bid (id, date, value, id_Member, id_Auction) values (47, '2022-12-24 06:05:35', 45730, '16', '7');
insert into Bid (id, date, value, id_Member, id_Auction) values (48, '2022-12-17 21:48:02', 38845, '28', '16');
insert into Bid (id, date, value, id_Member, id_Auction) values (49, '2022-12-23 10:16:32', 9210, '32', '19');
insert into Bid (id, date, value, id_Member, id_Auction) values (50, '2022-12-16 11:15:28', 70338, '37', '18');





insert into Notification (id, send_date, id_Bid, id_Auction, id_Comment, seen) values (1, '1/21/2022', '47', '8', '3', true);
insert into Notification (id, send_date, id_Bid, id_Auction, id_Comment, seen) values (2, '12/30/2021', '46', '12', '12', false);
insert into Notification (id, send_date, id_Bid, id_Auction, id_Comment, seen) values (3, '6/16/2022', '42', '16', '7', false);
insert into Notification (id, send_date, id_Bid, id_Auction, id_Comment, seen) values (4, '9/29/2022', '48', '20', '5', false);
insert into Notification (id, send_date, id_Bid, id_Auction, id_Comment, seen) values (5, '9/24/2022', '36', '17', '6', false);
insert into Notification (id, send_date, id_Bid, id_Auction, id_Comment, seen) values (6, '7/30/2022', '24', '13', '19', true);
insert into Notification (id, send_date, id_Bid, id_Auction, id_Comment, seen) values (7, '8/30/2022', '34', '5', '20', false);
insert into Notification (id, send_date, id_Bid, id_Auction, id_Comment, seen) values (8, '6/24/2022', '43', '14', '4', false);
insert into Notification (id, send_date, id_Bid, id_Auction, id_Comment, seen) values (9, '6/16/2022', '20', '23', '9', true);
insert into Notification (id, send_date, id_Bid, id_Auction, id_Comment, seen) values (10, '1/22/2022', '21', '19', '15', true);
insert into Notification (id, send_date, id_Bid, id_Auction, id_Comment, seen) values (11, '8/27/2022', '39', '7', '1', false);
insert into Notification (id, send_date, id_Bid, id_Auction, id_Comment, seen) values (12, '1/3/2022', '45', '21', '18', false);
insert into Notification (id, send_date, id_Bid, id_Auction, id_Comment, seen) values (13, '12/4/2021', '33', '15', '2', false);
insert into Notification (id, send_date, id_Bid, id_Auction, id_Comment, seen) values (14, '3/7/2022', '22', '18', '11', true);
insert into Notification (id, send_date, id_Bid, id_Auction, id_Comment, seen) values (15, '5/19/2022', '5', '1', '10', true);
insert into Notification (id, send_date, id_Bid, id_Auction, id_Comment, seen) values (16, '10/26/2022', '25', '24', '17', false);
insert into Notification (id, send_date, id_Bid, id_Auction, id_Comment, seen) values (17, '6/20/2022', '10', '11', '16', true);
insert into Notification (id, send_date, id_Bid, id_Auction, id_Comment, seen) values (18, '5/4/2022', '17', '9', '13', true);
insert into Notification (id, send_date, id_Bid, id_Auction, id_Comment, seen) values (19, '6/9/2022', '8', '6', '8', true);
insert into Notification (id, send_date, id_Bid, id_Auction, id_Comment, seen) values (20, '9/16/2022', '9', '2', '14', false);
insert into Notification (id, send_date, id_Bid, id_Auction, id_Comment, seen) values (21, '3/10/2022', '14', '25', '1', true);
insert into Notification (id, send_date, id_Bid, id_Auction, id_Comment, seen) values (22, '1/29/2022', '4', '3', '2', true);
insert into Notification (id, send_date, id_Bid, id_Auction, id_Comment, seen) values (23, '8/13/2022', '13', '4', '17', false);
insert into Notification (id, send_date, id_Bid, id_Auction, id_Comment, seen) values (24, '9/21/2022', '30', '10', '5', false);
insert into Notification (id, send_date, id_Bid, id_Auction, id_Comment, seen) values (25, '11/13/2021', '11', '22', '3', true);





insert into Image (id, path, id_Auction) values (1, 'path/236x100.png/ff4444/ffffff', '1');
insert into Image (id, path, id_Auction) values (2, 'path/208x100.png/dddddd/000000', '2');
insert into Image (id, path, id_Auction) values (3, 'path/229x100.png/5fa2dd/ffffff', '3');
insert into Image (id, path, id_Auction) values (4, 'path/193x100.png/ff4444/ffffff', '4');
insert into Image (id, path, id_Auction) values (5, 'path/169x100.png/5fa2dd/ffffff', '5');
insert into Image (id, path, id_Auction) values (6, 'path/130x100.png/5fa2dd/ffffff', '6');
insert into Image (id, path, id_Auction) values (7, 'path/135x100.png/ff4444/ffffff', '7');
insert into Image (id, path, id_Auction) values (8, 'path/157x100.png/ff4444/ffffff', '8');
insert into Image (id, path, id_Auction) values (9, 'path/184x100.png/dddddd/000000', '9');
insert into Image (id, path, id_Auction) values (10, 'path/248x100.png/ff4444/ffffff', '10');
insert into Image (id, path, id_Auction) values (11, 'path/151x100.png/cc0000/ffffff', '11');
insert into Image (id, path, id_Auction) values (12, 'path/117x100.png/ff4444/ffffff', '12');
insert into Image (id, path, id_Auction) values (13, 'path/179x100.png/ff4444/ffffff', '13');
insert into Image (id, path, id_Auction) values (14, 'path/189x100.png/5fa2dd/ffffff', '14');
insert into Image (id, path, id_Auction) values (15, 'path/133x100.png/cc0000/ffffff', '15');
insert into Image (id, path, id_Auction) values (16, 'path/106x100.png/5fa2dd/ffffff', '16');
insert into Image (id, path, id_Auction) values (17, 'path/226x100.png/5fa2dd/ffffff', '17');
insert into Image (id, path, id_Auction) values (18, 'path/118x100.png/ff4444/ffffff', '18');
insert into Image (id, path, id_Auction) values (19, 'path/136x100.png/5fa2dd/ffffff', '19');
insert into Image (id, path, id_Auction) values (20, 'path/137x100.png/cc0000/ffffff', '20');
insert into Image (id, path, id_Auction) values (21, 'path/219x100.png/5fa2dd/ffffff', '21');
insert into Image (id, path, id_Auction) values (22, 'path/109x100.png/cc0000/ffffff', '22');
insert into Image (id, path, id_Auction) values (23, 'path/182x100.png/cc0000/ffffff', '23');
insert into Image (id, path, id_Auction) values (24, 'path/150x100.png/5fa2dd/ffffff', '24');
insert into Image (id, path, id_Auction) values (25, 'path/146x100.png/dddddd/000000', '25');



insert into FollowAuction (id_Member, id_Auction, date) values ('18', '9', '12/19/2022');
insert into FollowAuction (id_Member, id_Auction, date) values ('14', '8', '12/13/2022');
insert into FollowAuction (id_Member, id_Auction, date) values ('5', '18', '12/13/2022');
insert into FollowAuction (id_Member, id_Auction, date) values ('38', '14', '11/28/2022');
insert into FollowAuction (id_Member, id_Auction, date) values ('20', '4', '11/2/2022');
insert into FollowAuction (id_Member, id_Auction, date) values ('27', '10', '12/1/2022');
insert into FollowAuction (id_Member, id_Auction, date) values ('43', '21', '12/23/2022');
insert into FollowAuction (id_Member, id_Auction, date) values ('23', '3', '11/7/2022');
insert into FollowAuction (id_Member, id_Auction, date) values ('44', '16', '12/29/2022');
insert into FollowAuction (id_Member, id_Auction, date) values ('41', '5', '11/1/2022');
insert into FollowAuction (id_Member, id_Auction, date) values ('13', '6', '11/7/2022');
insert into FollowAuction (id_Member, id_Auction, date) values ('9', '2', '11/5/2022');
insert into FollowAuction (id_Member, id_Auction, date) values ('17', '23', '11/29/2022');
insert into FollowAuction (id_Member, id_Auction, date) values ('2', '17', '11/23/2022');
insert into FollowAuction (id_Member, id_Auction, date) values ('26', '1', '11/5/2022');
insert into FollowAuction (id_Member, id_Auction, date) values ('45', '20', '12/29/2022');
insert into FollowAuction (id_Member, id_Auction, date) values ('21', '15', '11/5/2022');
insert into FollowAuction (id_Member, id_Auction, date) values ('15', '24', '12/28/2022');
insert into FollowAuction (id_Member, id_Auction, date) values ('6', '19', '12/15/2022');
insert into FollowAuction (id_Member, id_Auction, date) values ('24', '11', '11/25/2022');



insert into MemberNotification (id_Notification, id_Member) values ('11', '35');
insert into MemberNotification (id_Notification, id_Member) values ('10', '11');
insert into MemberNotification (id_Notification, id_Member) values ('4', '26');
insert into MemberNotification (id_Notification, id_Member) values ('18', '17');
insert into MemberNotification (id_Notification, id_Member) values ('8', '46');
insert into MemberNotification (id_Notification, id_Member) values ('13', '25');
insert into MemberNotification (id_Notification, id_Member) values ('23', '40');
insert into MemberNotification (id_Notification, id_Member) values ('21', '9');
insert into MemberNotification (id_Notification, id_Member) values ('9', '37');
insert into MemberNotification (id_Notification, id_Member) values ('17', '23');
insert into MemberNotification (id_Notification, id_Member) values ('15', '31');
insert into MemberNotification (id_Notification, id_Member) values ('14', '12');
insert into MemberNotification (id_Notification, id_Member) values ('1', '38');
insert into MemberNotification (id_Notification, id_Member) values ('3', '45');
insert into MemberNotification (id_Notification, id_Member) values ('25', '14');
insert into MemberNotification (id_Notification, id_Member) values ('16', '15');
insert into MemberNotification (id_Notification, id_Member) values ('22', '47');
insert into MemberNotification (id_Notification, id_Member) values ('6', '16');
insert into MemberNotification (id_Notification, id_Member) values ('19', '24');
insert into MemberNotification (id_Notification, id_Member) values ('5', '22');




insert into ReportAuction (id_Member, id_Auction, date, description) values ('36', '20', '2022-12-30 09:26:36', 'Phasellus sit amet erat. Nulla tempus. Vivamus in felis eu sapien cursus vestibulum.');
insert into ReportAuction (id_Member, id_Auction, date, description) values ('38', '22', '2022-12-17 06:20:53', 'Duis aliquam convallis nunc. Proin at turpis a pede posuere nonummy. Integer non velit.

Donec diam neque, vestibulum eget, vulputate ut, ultrices vel, augue. Vestibulum ante ipsum primis in faucibus orci luctus et ultrices posuere cubilia Curae; Donec pharetra, magna vestibulum aliquet ultrices, erat tortor sollicitudin mi, sit amet lobortis sapien sapien non mi. Integer ac neque.

Duis bibendum. Morbi non quam nec dui luctus rutrum. Nulla tellus.');
insert into ReportAuction (id_Member, id_Auction, date, description) values ('41', '4', '2022-12-16 00:24:18', 'Maecenas tristique, est et tempus semper, est quam pharetra magna, ac consequat metus sapien ut nunc. Vestibulum ante ipsum primis in faucibus orci luctus et ultrices posuere cubilia Curae; Mauris viverra diam vitae quam. Suspendisse potenti.');
insert into ReportAuction (id_Member, id_Auction, date, description) values ('34', '13', '2022-12-18 18:02:31', 'Integer ac leo. Pellentesque ultrices mattis odio. Donec vitae nisi.

Nam ultrices, libero non mattis pulvinar, nulla pede ullamcorper augue, a suscipit nulla elit ac nulla. Sed vel enim sit amet nunc viverra dapibus. Nulla suscipit ligula in lacus.

Curabitur at ipsum ac tellus semper interdum. Mauris ullamcorper purus sit amet nulla. Quisque arcu libero, rutrum ac, lobortis vel, dapibus at, diam.');
insert into ReportAuction (id_Member, id_Auction, date, description) values ('4', '18', '2022-12-17 11:11:55', 'Aenean fermentum. Donec ut mauris eget massa tempor convallis. Nulla neque libero, convallis eget, eleifend luctus, ultricies eu, nibh.');
insert into ReportAuction (id_Member, id_Auction, date, description) values ('40', '16', '2022-12-20 17:25:02', 'Morbi porttitor lorem id ligula. Suspendisse ornare consequat lectus. In est risus, auctor sed, tristique in, tempus sit amet, sem.

Fusce consequat. Nulla nisl. Nunc nisl.

Duis bibendum, felis sed interdum venenatis, turpis enim blandit mi, in porttitor pede justo eu massa. Donec dapibus. Duis at velit eu est congue elementum.');
insert into ReportAuction (id_Member, id_Auction, date, description) values ('48', '15', '2022-12-26 02:53:11', 'Cras non velit nec nisi vulputate nonummy. Maecenas tincidunt lacus at velit. Vivamus vel nulla eget eros elementum pellentesque.

Quisque porta volutpat erat. Quisque erat eros, viverra eget, congue eget, semper rutrum, nulla. Nunc purus.

Phasellus in felis. Donec semper sapien a libero. Nam dui.');
insert into ReportAuction (id_Member, id_Auction, date, description) values ('23', '9', '2022-12-26 07:37:10', 'Donec diam neque, vestibulum eget, vulputate ut, ultrices vel, augue. Vestibulum ante ipsum primis in faucibus orci luctus et ultrices posuere cubilia Curae; Donec pharetra, magna vestibulum aliquet ultrices, erat tortor sollicitudin mi, sit amet lobortis sapien sapien non mi. Integer ac neque.');
insert into ReportAuction (id_Member, id_Auction, date, description) values ('21', '21', '2022-12-08 19:33:38', 'Proin leo odio, porttitor id, consequat in, consequat ut, nulla. Sed accumsan felis. Ut at dolor quis odio consequat varius.');
insert into ReportAuction (id_Member, id_Auction, date, description) values ('8', '25', '2022-12-14 07:59:05', 'Aliquam quis turpis eget elit sodales scelerisque. Mauris sit amet eros. Suspendisse accumsan tortor quis turpis.

Sed ante. Vivamus tortor. Duis mattis egestas metus.

Aenean fermentum. Donec ut mauris eget massa tempor convallis. Nulla neque libero, convallis eget, eleifend luctus, ultricies eu, nibh.');



insert into BankTransfer (id, value, type, id_Member) values (1, 15350, 'Withdraw', '10');
insert into BankTransfer (id, value, type, id_Member) values (2, 17370, 'Withdraw', '47');
insert into BankTransfer (id, value, type, id_Member) values (3, 14113, 'Deposit', '38');
insert into BankTransfer (id, value, type, id_Member) values (4, 38282, 'Withdraw', '35');
insert into BankTransfer (id, value, type, id_Member) values (5, 35679, 'Deposit', '14');
insert into BankTransfer (id, value, type, id_Member) values (6, 33750, 'Withdraw', '49');
insert into BankTransfer (id, value, type, id_Member) values (7, 43492, 'Deposit', '11');
insert into BankTransfer (id, value, type, id_Member) values (8, 41086, 'Withdraw', '32');
insert into BankTransfer (id, value, type, id_Member) values (9, 8373, 'Deposit', '46');
insert into BankTransfer (id, value, type, id_Member) values (10, 11665, 'Withdraw', '20');
insert into BankTransfer (id, value, type, id_Member) values (11, 4451, 'Deposit', '4');


insert into Paypal (id, value, type, id_Member, email) values (12, 19176, 'Deposit', '7', 'jroyce0@wikimedia.org');
insert into Paypal (id, value, type, id_Member, email) values (13, 11468, 'Deposit', '50', 'djephcote1@behance.net');
insert into Paypal (id, value, type, id_Member, email) values (14, 8847, 'Deposit', '19', 'jwillerstone2@house.gov');
insert into Paypal (id, value, type, id_Member, email) values (15, 34517, 'Deposit', '45', 'dslay3@indiatimes.com');
insert into Paypal (id, value, type, id_Member, email) values (16, 40654, 'Withdraw', '28', 'nalldre4@chron.com');
insert into Paypal (id, value, type, id_Member, email) values (17, 49116, 'Withdraw', '37', 'fshenfisch5@economist.com');
insert into Paypal (id, value, type, id_Member, email) values (18, 43521, 'Withdraw', '6', 'tlivick6@java.com');
insert into Paypal (id, value, type, id_Member, email) values (19, 48705, 'Withdraw', '16', 'blebarr7@youtu.be');
insert into Paypal (id, value, type, id_Member, email) values (20, 39909, 'Withdraw', '39', 'athursfield8@wix.com');

----------- TRIGGERS -------------
CREATE FUNCTION ck_cancel_auction() RETURNS TRIGGER AS
$BODY$
BEGIN
  IF ((SELECT count(*) FROM Bid where id_Auction = OLD.id) > 0)
    THEN
        RAISE EXCEPTION 'You can only delete Auctions with no bids';
    END IF;
    RETURN OLD;
END
$BODY$
LANGUAGE plpgsql;

CREATE TRIGGER tr_create_notification_auction
  BEFORE DELETE ON Auction
  FOR EACH ROW
    EXECUTE PROCEDURE ck_cancel_auction();

CREATE FUNCTION ck_own_higest_bid() RETURNS TRIGGER AS
$BODY$
BEGIN
  IF ((SELECT id_Member FROM Bid WHERE value = (
   SELECT MAX (value) FROM Bid where id_Auction = NEW.id_Auction
)) = NEW.id_Member)
    THEN
        RAISE EXCEPTION 'You cant bid if you are the highest bidder';
    END IF;
    RETURN NEW;
END
$BODY$
LANGUAGE plpgsql;

CREATE TRIGGER tr_own_highest_bid
  BEFORE INSERT ON Bid
  FOR EACH ROW
    EXECUTE PROCEDURE ck_own_higest_bid();

CREATE FUNCTION ck_15_min_auction() RETURNS TRIGGER AS
$BODY$
BEGIN
  IF (select (end_date-start_date) > interval '30 minutes' from Auction where id = NEW.id)
    THEN
        NEW.end_date = NEW.end_date + interval '15 minutes';
    END IF;
    RETURN NEW;
END
$BODY$
LANGUAGE plpgsql;

CREATE TRIGGER tr_ck_15_min_auction
  BEFORE UPDATE ON Auction
  FOR EACH ROW
    EXECUTE PROCEDURE ck_15_min_auction();

CREATE FUNCTION ck_negative_credits() RETURNS TRIGGER AS
$BODY$
BEGIN
  IF (NEW.credits < 0)
    THEN
        RAISE EXCEPTION 'A member cant have negative funds';
    END IF;
    RETURN NEW;
END
$BODY$
LANGUAGE plpgsql;

CREATE TRIGGER tr_ck_negative_credits
  BEFORE INSERT OR UPDATE ON Member
  FOR EACH ROW
    EXECUTE PROCEDURE ck_negative_credits();

CREATE FUNCTION ck_owner_cant_bid() RETURNS TRIGGER AS
$BODY$
BEGIN
  IF ((select id_Member from Auction where id = NEW.id_Auction) = NEW.id_Member)
    THEN
        RAISE EXCEPTION 'You cant bid if you are auction owner';
    END IF;
    RETURN NEW;
END
$BODY$
LANGUAGE plpgsql;

CREATE TRIGGER tr_owner_cant_bid
  BEFORE INSERT ON Bid
  FOR EACH ROW
    EXECUTE PROCEDURE ck_owner_cant_bid();

CREATE FUNCTION ck_bid_is_higher() RETURNS TRIGGER AS
$BODY$
BEGIN
  IF ((SELECT MAX (value) FROM Bid where id_Auction = NEW.id_Auction
) >= NEW.value)
    THEN
        RAISE EXCEPTION 'You have to bid higher than previous highest';
    END IF;
    RETURN NEW;
END
$BODY$
LANGUAGE plpgsql;

CREATE TRIGGER tr_bid_is_higher
  BEFORE INSERT ON Bid
  FOR EACH ROW
    EXECUTE PROCEDURE ck_bid_is_higher();

CREATE FUNCTION change_end_date() RETURNS TRIGGER AS
$BODY$
BEGIN
    IF EXISTS (SELECT * FROM Auction WHERE NEW.id = Auction.id) THEN
	    IF NEW.approved = TRUE THEN
            NEW.start_date = CURRENT_TIMESTAMP;
            NEW.end_date = (NEW.start_date) + (NEW.duration * interval '1 second');
        END IF;
    END IF;
	RETURN NEW;
END
$BODY$
LANGUAGE plpgsql;

CREATE TRIGGER tr_change_end_date
    BEFORE UPDATE ON Auction
        FOR EACH ROW
		      EXECUTE PROCEDURE change_end_date();



-- INDEXES FOR CLUSTERING
CREATE INDEX brandIdx ON Brand USING btree (id);
CREATE INDEX modelIdx ON Model USING btree (id);

-- Clustering
CLUSTER Brand USING brandIdx;
CLUSTER Model USING modelIdx;